id,treatment,sample_size,median1,median2,median3,rho,test,type1_error_rate,type2_error_rate
0,control,10,4,4,4,0.0,friedman,0.0000,0.0000
0,control,10,4,4,4,0.0,anova,0.2000,0.0000
0,control,10,4,4,4,0.0,kruskal-wallis,0.2000,0.0000
0,control,10,4,4,4,0.0,rm-anova,0.0000,0.0000
0,uniform,10,4,4,4,0.0,friedman,0.1000,0.0000
0,uniform,10,4,4,4,0.0,anova,0.1000,0.0000
0,uniform,10,4,4,4,0.0,kruskal-wallis,0.1000,0.0000
0,uniform,10,4,4,4,0.0,rm-anova,0.1000,0.0000
0,asymmetric,10,4,4,4,0.0,friedman,0.0000,0.0000
0,asymmetric,10,4,4,4,0.0,anova,0.1000,0.0000
0,asymmetric,10,4,4,4,0.0,kruskal-wallis,0.1000,0.0000
0,asymmetric,10,4,4,4,0.0,rm-anova,0.1000,0.0000
0,bimodal,10,4,4,4,0.0,friedman,0.0000,0.0000
0,bimodal,10,4,4,4,0.0,anova,0.0000,0.0000
0,bimodal,10,4,4,4,0.0,kruskal-wallis,0.0000,0.0000
0,bimodal,10,4,4,4,0.0,rm-anova,0.0000,0.0000
0,dependent,10,4,4,4,0.0,friedman,0.1000,0.0000
0,dependent,10,4,4,4,0.0,anova,0.1000,0.0000
0,dependent,10,4,4,4,0.0,kruskal-wallis,0.1000,0.0000
0,dependent,10,4,4,4,0.0,rm-anova,0.1000,0.0000
0,dependent,10,4,4,4,0.2,friedman,0.1000,0.0000
0,dependent,10,4,4,4,0.2,anova,0.1000,0.0000
0,dependent,10,4,4,4,0.2,kruskal-wallis,0.1000,0.0000
0,dependent,10,4,4,4,0.2,rm-anova,0.1000,0.0000
0,dependent,10,4,4,4,0.5,friedman,0.1000,0.0000
0,dependent,10,4,4,4,0.5,anova,0.0000,0.0000
0,dependent,10,4,4,4,0.5,kruskal-wallis,0.0000,0.0000
0,dependent,10,4,4,4,0.5,rm-anova,0.1000,0.0000
0,dependent,10,4,4,4,0.8,friedman,0.2000,0.0000
0,dependent,10,4,4,4,0.8,anova,0.0000,0.0000
0,dependent,10,4,4,4,0.8,kruskal-wallis,0.0000,0.0000
0,dependent,10,4,4,4,0.8,rm-anova,0.2000,0.0000
0,control,30,4,4,4,0.0,friedman,0.1000,0.0000
0,control,30,4,4,4,0.0,anova,0.1000,0.0000
0,control,30,4,4,4,0.0,kruskal-wallis,0.1000,0.0000
0,control,30,4,4,4,0.0,rm-anova,0.0000,0.0000
0,control,30,4,4,4,0.2,friedman,0.1000,0.0000
0,control,30,4,4,4,0.2,anova,0.1000,0.0000
0,control,30,4,4,4,0.2,kruskal-wallis,0.1000,0.0000
0,control,30,4,4,4,0.2,rm-anova,0.1000,0.0000
0,control,30,4,4,4,0.5,friedman,0.0000,0.0000
0,control,30,4,4,4,0.5,anova,0.0000,0.0000
0,control,30,4,4,4,0.5,kruskal-wallis,0.1000,0.0000
0,control,30,4,4,4,0.5,rm-anova,0.0000,0.0000
0,control,30,4,4,4,0.8,friedman,0.1000,0.0000
0,control,30,4,4,4,0.8,anova,0.1000,0.0000
0,control,30,4,4,4,0.8,kruskal-wallis,0.1000,0.0000
0,control,30,4,4,4,0.8,rm-anova,0.1000,0.0000
0,uniform,30,4,4,4,0.0,friedman,0.1000,0.0000
0,uniform,30,4,4,4,0.0,anova,0.1000,0.0000
0,uniform,30,4,4,4,0.0,kruskal-wallis,0.1000,0.0000
0,uniform,30,4,4,4,0.0,rm-anova,0.1000,0.0000
0,uniform,30,4,4,4,0.2,friedman,0.0000,0.0000
0,uniform,30,4,4,4,0.2,anova,0.1000,0.0000
0,uniform,30,4,4,4,0.2,kruskal-wallis,0.1000,0.0000
0,uniform,30,4,4,4,0.2,rm-anova,0.1000,0.0000
0,uniform,30,4,4,4,0.5,friedman,0.1000,0.0000
0,uniform,30,4,4,4,0.5,anova,0.0000,0.0000
0,uniform,30,4,4,4,0.5,kruskal-wallis,0.1000,0.0000
0,uniform,30,4,4,4,0.5,rm-anova,0.0000,0.0000
0,uniform,30,4,4,4,0.8,friedman,0.2000,0.0000
0,uniform,30,4,4,4,0.8,anova,0.1000,0.0000
0,uniform,30,4,4,4,0.8,kruskal-wallis,0.1000,0.0000
0,uniform,30,4,4,4,0.8,rm-anova,0.1000,0.0000
0,asymmetric,30,4,4,4,0.0,friedman,0.0000,0.0000
0,asymmetric,30,4,4,4,0.0,anova,0.0000,0.0000
0,asymmetric,30,4,4,4,0.0,kruskal-wallis,0.0000,0.0000
0,asymmetric,30,4,4,4,0.0,rm-anova,0.0000,0.0000
0,asymmetric,30,4,4,4,0.2,friedman,0.1000,0.0000
0,asymmetric,30,4,4,4,0.2,anova,0.0000,0.0000
0,asymmetric,30,4,4,4,0.2,kruskal-wallis,0.0000,0.0000
0,asymmetric,30,4,4,4,0.2,rm-anova,0.0000,0.0000
0,asymmetric,30,4,4,4,0.5,friedman,0.0000,0.0000
0,asymmetric,30,4,4,4,0.5,anova,0.2000,0.0000
0,asymmetric,30,4,4,4,0.5,kruskal-wallis,0.1000,0.0000
0,asymmetric,30,4,4,4,0.5,rm-anova,0.1000,0.0000
0,asymmetric,30,4,4,4,0.8,friedman,0.2000,0.0000
0,asymmetric,30,4,4,4,0.8,anova,0.1000,0.0000
0,asymmetric,30,4,4,4,0.8,kruskal-wallis,0.1000,0.0000
0,asymmetric,30,4,4,4,0.8,rm-anova,0.1000,0.0000
0,bimodal,30,4,4,4,0.0,friedman,0.0000,0.0000
0,bimodal,30,4,4,4,0.0,anova,0.0000,0.0000
0,bimodal,30,4,4,4,0.0,kruskal-wallis,0.0000,0.0000
0,bimodal,30,4,4,4,0.0,rm-anova,0.0000,0.0000
0,bimodal,30,4,4,4,0.2,friedman,0.1000,0.0000
0,bimodal,30,4,4,4,0.2,anova,0.0000,0.0000
0,bimodal,30,4,4,4,0.2,kruskal-wallis,0.0000,0.0000
0,bimodal,30,4,4,4,0.2,rm-anova,0.0000,0.0000
0,bimodal,30,4,4,4,0.5,friedman,0.0000,0.0000
0,bimodal,30,4,4,4,0.5,anova,0.0000,0.0000
0,bimodal,30,4,4,4,0.5,kruskal-wallis,0.0000,0.0000
0,bimodal,30,4,4,4,0.5,rm-anova,0.0000,0.0000
0,bimodal,30,4,4,4,0.8,friedman,0.1000,0.0000
0,bimodal,30,4,4,4,0.8,anova,0.1000,0.0000
0,bimodal,30,4,4,4,0.8,kruskal-wallis,0.1000,0.0000
0,bimodal,30,4,4,4,0.8,rm-anova,0.2000,0.0000
0,dependent,30,4,4,4,0.0,friedman,0.0000,0.0000
0,dependent,30,4,4,4,0.0,anova,0.0000,0.0000
0,dependent,30,4,4,4,0.0,kruskal-wallis,0.0000,0.0000
0,dependent,30,4,4,4,0.0,rm-anova,0.0000,0.0000
0,dependent,30,4,4,4,0.2,friedman,0.0000,0.0000
0,dependent,30,4,4,4,0.2,anova,0.0000,0.0000
0,dependent,30,4,4,4,0.2,kruskal-wallis,0.0000,0.0000
0,dependent,30,4,4,4,0.2,rm-anova,0.0000,0.0000
0,dependent,30,4,4,4,0.5,friedman,0.2000,0.0000
0,dependent,30,4,4,4,0.5,anova,0.0000,0.0000
0,dependent,30,4,4,4,0.5,kruskal-wallis,0.0000,0.0000
0,dependent,30,4,4,4,0.5,rm-anova,0.3000,0.0000
0,dependent,30,4,4,4,0.8,friedman,0.1000,0.0000
0,dependent,30,4,4,4,0.8,anova,0.0000,0.0000
0,dependent,30,4,4,4,0.8,kruskal-wallis,0.0000,0.0000
0,dependent,30,4,4,4,0.8,rm-anova,0.1000,0.0000
0,control,100,4,4,4,0.0,friedman,0.0000,0.0000
0,control,100,4,4,4,0.0,anova,0.0000,0.0000
0,control,100,4,4,4,0.0,kruskal-wallis,0.0000,0.0000
0,control,100,4,4,4,0.0,rm-anova,0.0000,0.0000
0,control,100,4,4,4,0.2,friedman,0.1000,0.0000
0,control,100,4,4,4,0.2,anova,0.1000,0.0000
0,control,100,4,4,4,0.2,kruskal-wallis,0.1000,0.0000
0,control,100,4,4,4,0.2,rm-anova,0.1000,0.0000
0,control,100,4,4,4,0.5,friedman,0.1000,0.0000
0,control,100,4,4,4,0.5,anova,0.1000,0.0000
0,control,100,4,4,4,0.5,kruskal-wallis,0.1000,0.0000
0,control,100,4,4,4,0.5,rm-anova,0.1000,0.0000
0,control,100,4,4,4,0.8,friedman,0.0000,0.0000
0,control,100,4,4,4,0.8,anova,0.1000,0.0000
0,control,100,4,4,4,0.8,kruskal-wallis,0.1000,0.0000
0,control,100,4,4,4,0.8,rm-anova,0.1000,0.0000
0,uniform,100,4,4,4,0.0,friedman,0.0000,0.0000
0,uniform,100,4,4,4,0.0,anova,0.0000,0.0000
0,uniform,100,4,4,4,0.0,kruskal-wallis,0.0000,0.0000
0,uniform,100,4,4,4,0.0,rm-anova,0.0000,0.0000
0,uniform,100,4,4,4,0.2,friedman,0.0000,0.0000
0,uniform,100,4,4,4,0.2,anova,0.0000,0.0000
0,uniform,100,4,4,4,0.2,kruskal-wallis,0.0000,0.0000
0,uniform,100,4,4,4,0.2,rm-anova,0.0000,0.0000
0,uniform,100,4,4,4,0.5,friedman,0.1000,0.0000
0,uniform,100,4,4,4,0.5,anova,0.0000,0.0000
0,uniform,100,4,4,4,0.5,kruskal-wallis,0.0000,0.0000
0,uniform,100,4,4,4,0.5,rm-anova,0.0000,0.0000
0,uniform,100,4,4,4,0.8,friedman,0.1000,0.0000
0,uniform,100,4,4,4,0.8,anova,0.0000,0.0000
0,uniform,100,4,4,4,0.8,kruskal-wallis,0.0000,0.0000
0,uniform,100,4,4,4,0.8,rm-anova,0.0000,0.0000
0,asymmetric,100,4,4,4,0.0,friedman,0.0000,0.0000
0,asymmetric,100,4,4,4,0.0,anova,0.0000,0.0000
0,asymmetric,100,4,4,4,0.0,kruskal-wallis,0.0000,0.0000
0,asymmetric,100,4,4,4,0.0,rm-anova,0.0000,0.0000
0,asymmetric,100,4,4,4,0.2,friedman,0.1000,0.0000
0,asymmetric,100,4,4,4,0.2,anova,0.1000,0.0000
0,asymmetric,100,4,4,4,0.2,kruskal-wallis,0.1000,0.0000
0,asymmetric,100,4,4,4,0.2,rm-anova,0.1000,0.0000
0,asymmetric,100,4,4,4,0.5,friedman,0.1000,0.0000
0,asymmetric,100,4,4,4,0.5,anova,0.1000,0.0000
0,asymmetric,100,4,4,4,0.5,kruskal-wallis,0.1000,0.0000
0,asymmetric,100,4,4,4,0.5,rm-anova,0.1000,0.0000
0,asymmetric,100,4,4,4,0.8,friedman,0.0000,0.0000
0,asymmetric,100,4,4,4,0.8,anova,0.0000,0.0000
0,asymmetric,100,4,4,4,0.8,kruskal-wallis,0.0000,0.0000
0,asymmetric,100,4,4,4,0.8,rm-anova,0.0000,0.0000
0,bimodal,100,4,4,4,0.0,friedman,0.0000,0.0000
0,bimodal,100,4,4,4,0.0,anova,0.0000,0.0000
0,bimodal,100,4,4,4,0.0,kruskal-wallis,0.0000,0.0000
0,bimodal,100,4,4,4,0.0,rm-anova,0.0000,0.0000
0,bimodal,100,4,4,4,0.2,friedman,0.1000,0.0000
0,bimodal,100,4,4,4,0.2,anova,0.0000,0.0000
0,bimodal,100,4,4,4,0.2,kruskal-wallis,0.1000,0.0000
0,bimodal,100,4,4,4,0.2,rm-anova,0.1000,0.0000
0,bimodal,100,4,4,4,0.5,friedman,0.1000,0.0000
0,bimodal,100,4,4,4,0.5,anova,0.0000,0.0000
0,bimodal,100,4,4,4,0.5,kruskal-wallis,0.0000,0.0000
0,bimodal,100,4,4,4,0.5,rm-anova,0.0000,0.0000
0,bimodal,100,4,4,4,0.8,friedman,0.0000,0.0000
0,bimodal,100,4,4,4,0.8,anova,0.0000,0.0000
0,bimodal,100,4,4,4,0.8,kruskal-wallis,0.0000,0.0000
0,bimodal,100,4,4,4,0.8,rm-anova,0.0000,0.0000
0,dependent,100,4,4,4,0.0,friedman,0.0000,0.0000
0,dependent,100,4,4,4,0.0,anova,0.0000,0.0000
0,dependent,100,4,4,4,0.0,kruskal-wallis,0.0000,0.0000
0,dependent,100,4,4,4,0.0,rm-anova,0.0000,0.0000
0,dependent,100,4,4,4,0.2,friedman,0.1000,0.0000
0,dependent,100,4,4,4,0.2,anova,0.0000,0.0000
0,dependent,100,4,4,4,0.2,kruskal-wallis,0.0000,0.0000
0,dependent,100,4,4,4,0.2,rm-anova,0.0000,0.0000
0,dependent,100,4,4,4,0.5,friedman,0.0000,0.0000
0,dependent,100,4,4,4,0.5,anova,0.0000,0.0000
0,dependent,100,4,4,4,0.5,kruskal-wallis,0.0000,0.0000
0,dependent,100,4,4,4,0.5,rm-anova,0.0000,0.0000
0,dependent,100,4,4,4,0.8,friedman,0.0000,0.0000
0,dependent,100,4,4,4,0.8,anova,0.0000,0.0000
0,dependent,100,4,4,4,0.8,kruskal-wallis,0.0000,0.0000
0,dependent,100,4,4,4,0.8,rm-anova,0.0000,0.0000
0,control,10,1,1,2,0.0,friedman,0.0000,0.7000
0,control,10,1,1,2,0.0,anova,0.0000,0.8000
0,control,10,1,1,2,0.0,kruskal-wallis,0.0000,0.7000
0,control,10,1,1,2,0.0,rm-anova,0.0000,0.8000
0,control,10,1,1,2,0.2,friedman,0.0000,0.4000
0,control,10,1,1,2,0.2,anova,0.0000,0.4000
0,control,10,1,1,2,0.2,kruskal-wallis,0.0000,0.5000
0,control,10,1,1,2,0.2,rm-anova,0.0000,0.5000
0,control,10,1,1,2,0.5,friedman,0.0000,0.4000
0,control,10,1,1,2,0.5,anova,0.0000,0.2000
0,control,10,1,1,2,0.5,kruskal-wallis,0.0000,0.2000
0,control,10,1,1,2,0.5,rm-anova,0.0000,0.3000
0,control,10,1,1,2,0.8,friedman,0.0000,0.8000
0,control,10,1,1,2,0.8,anova,0.0000,0.6000
0,control,10,1,1,2,0.8,kruskal-wallis,0.0000,0.7000
0,control,10,1,1,2,0.8,rm-anova,0.0000,0.6000
0,uniform,10,1,1,2,0.0,friedman,0.0000,1.0000
0,uniform,10,1,1,2,0.0,anova,0.0000,1.0000
0,uniform,10,1,1,2,0.0,kruskal-wallis,0.0000,1.0000
0,uniform,10,1,1,2,0.0,rm-anova,0.0000,1.0000
0,uniform,10,1,1,2,0.2,friedman,0.0000,0.7000
0,uniform,10,1,1,2,0.2,anova,0.0000,0.7000
0,uniform,10,1,1,2,0.2,kruskal-wallis,0.0000,0.7000
0,uniform,10,1,1,2,0.2,rm-anova,0.0000,0.7000
0,uniform,10,1,1,2,0.5,friedman,0.0000,1.0000
0,uniform,10,1,1,2,0.5,anova,0.0000,0.9000
0,uniform,10,1,1,2,0.5,kruskal-wallis,0.0000,0.9000
0,uniform,10,1,1,2,0.5,rm-anova,0.0000,1.0000
0,uniform,10,1,1,2,0.8,friedman,0.0000,1.0000
0,uniform,10,1,1,2,0.8,anova,0.0000,1.0000
0,uniform,10,1,1,2,0.8,kruskal-wallis,0.0000,1.0000
0,uniform,10,1,1,2,0.8,rm-anova,0.0000,1.0000
0,asymmetric,10,1,1,2,0.0,friedman,0.0000,0.8000
0,asymmetric,10,1,1,2,0.0,anova,0.0000,0.9000
0,asymmetric,10,1,1,2,0.0,kruskal-wallis,0.0000,0.7000
0,asymmetric,10,1,1,2,0.0,rm-anova,0.0000,0.8000
0,asymmetric,10,1,1,2,0.2,friedman,0.0000,0.6000
0,asymmetric,10,1,1,2,0.2,anova,0.0000,0.6000
0,asymmetric,10,1,1,2,0.2,kruskal-wallis,0.0000,0.6000
0,asymmetric,10,1,1,2,0.2,rm-anova,0.0000,0.6000
0,asymmetric,10,1,1,2,0.5,friedman,0.0000,0.7000
0,asymmetric,10,1,1,2,0.5,anova,0.0000,0.7000
0,asymmetric,10,1,1,2,0.5,kruskal-wallis,0.0000,0.6000
0,asymmetric,10,1,1,2,0.5,rm-anova,0.0000,0.8000
0,asymmetric,10,1,1,2,0.8,friedman,0.0000,0.6000
0,asymmetric,10,1,1,2,0.8,anova,0.0000,0.7000
0,asymmetric,10,1,1,2,0.8,kruskal-wallis,0.0000,0.5000
0,asymmetric,10,1,1,2,0.8,rm-anova,0.0000,0.7000
0,bimodal,10,1,1,2,0.0,friedman,0.0000,1.0000
0,bimodal,10,1,1,2,0.0,anova,0.0000,1.0000
0,bimodal,10,1,1,2,0.0,kruskal-wallis,0.0000,1.0000
0,bimodal,10,1,1,2,0.0,rm-anova,0.0000,1.0000
0,bimodal,10,1,1,2,0.2,friedman,0.0000,0.9000
0,bimodal,10,1,1,2,0.2,anova,0.0000,1.0000
0,bimodal,10,1,1,2,0.2,kruskal-wallis,0.0000,1.0000
0,bimodal,10,1,1,2,0.2,rm-anova,0.0000,1.0000
0,bimodal,10,1,1,2,0.5,friedman,0.0000,1.0000
0,bimodal,10,1,1,2,0.5,anova,0.0000,1.0000
0,bimodal,10,1,1,2,0.5,kruskal-wallis,0.0000,1.0000
0,bimodal,10,1,1,2,0.5,rm-anova,0.0000,1.0000
0,bimodal,10,1,1,2,0.8,friedman,0.0000,0.7000
0,bimodal,10,1,1,2,0.8,anova,0.0000,0.9000
0,bimodal,10,1,1,2,0.8,kruskal-wallis,0.0000,0.8000
0,bimodal,10,1,1,2,0.8,rm-anova,0.0000,0.8000
0,dependent,10,1,1,2,0.0,friedman,0.0000,0.5000
0,dependent,10,1,1,2,0.0,anova,0.0000,0.4000
0,dependent,10,1,1,2,0.0,kruskal-wallis,0.0000,0.5000
0,dependent,10,1,1,2,0.0,rm-anova,0.0000,0.5000
0,dependent,10,1,1,2,0.2,friedman,0.0000,0.6000
0,dependent,10,1,1,2,0.2,anova,0.0000,0.7000
0,dependent,10,1,1,2,0.2,kruskal-wallis,0.0000,0.8000
0,dependent,10,1,1,2,0.2,rm-anova,0.0000,0.5000
0,dependent,10,1,1,2,0.5,friedman,0.0000,0.3000
0,dependent,10,1,1,2,0.5,anova,0.0000,0.4000
0,dependent,10,1,1,2,0.5,kruskal-wallis,0.0000,0.3000
0,dependent,10,1,1,2,0.5,rm-anova,0.0000,0.3000
0,dependent,10,1,1,2,0.8,friedman,0.0000,0.0000
0,dependent,10,1,1,2,0.8,anova,0.0000,0.2000
0,dependent,10,1,1,2,0.8,kruskal-wallis,0.0000,0.2000
0,dependent,10,1,1,2,0.8,rm-anova,0.0000,0.0000
0,control,30,1,1,2,0.0,friedman,0.0000,0.1000
0,control,30,1,1,2,0.0,anova,0.0000,0.1000
0,control,30,1,1,2,0.0,kruskal-wallis,0.0000,0.1000
0,control,30,1,1,2,0.0,rm-anova,0.0000,0.1000
0,control,30,1,1,2,0.2,friedman,0.0000,0.2000
0,control,30,1,1,2,0.2,anova,0.0000,0.2000
0,control,30,1,1,2,0.2,kruskal-wallis,0.0000,0.2000
0,control,30,1,1,2,0.2,rm-anova,0.0000,0.2000
0,control,30,1,1,2,0.5,friedman,0.0000,0.0000
0,control,30,1,1,2,0.5,anova,0.0000,0.0000
0,control,30,1,1,2,0.5,kruskal-wallis,0.0000,0.0000
0,control,30,1,1,2,0.5,rm-anova,0.0000,0.0000
0,control,30,1,1,2,0.8,friedman,0.0000,0.0000
0,control,30,1,1,2,0.8,anova,0.0000,0.0000
0,control,30,1,1,2,0.8,kruskal-wallis,0.0000,0.0000
0,control,30,1,1,2,0.8,rm-anova,0.0000,0.0000
0,uniform,30,1,1,2,0.0,friedman,0.0000,1.0000
0,uniform,30,1,1,2,0.0,anova,0.0000,1.0000
0,uniform,30,1,1,2,0.0,kruskal-wallis,0.0000,1.0000
0,uniform,30,1,1,2,0.0,rm-anova,0.0000,1.0000
0,uniform,30,1,1,2,0.2,friedman,0.0000,0.9000
0,uniform,30,1,1,2,0.2,anova,0.0000,0.8000
0,uniform,30,1,1,2,0.2,kruskal-wallis,0.0000,0.9000
0,uniform,30,1,1,2,0.2,rm-anova,0.0000,0.9000
0,uniform,30,1,1,2,0.5,friedman,0.0000,1.0000
0,uniform,30,1,1,2,0.5,anova,0.0000,0.9000
0,uniform,30,1,1,2,0.5,kruskal-wallis,0.0000,1.0000
0,uniform,30,1,1,2,0.5,rm-anova,0.0000,1.0000
0,uniform,30,1,1,2,0.8,friedman,0.0000,1.0000
0,uniform,30,1,1,2,0.8,anova,0.0000,0.9000
0,uniform,30,1,1,2,0.8,kruskal-wallis,0.0000,0.9000
0,uniform,30,1,1,2,0.8,rm-anova,0.0000,1.0000
0,asymmetric,30,1,1,2,0.0,friedman,0.0000,0.1000
0,asymmetric,30,1,1,2,0.0,anova,0.0000,0.3000
0,asymmetric,30,1,1,2,0.0,kruskal-wallis,0.0000,0.1000
0,asymmetric,30,1,1,2,0.0,rm-anova,0.0000,0.3000
0,asymmetric,30,1,1,2,0.2,friedman,0.0000,0.3000
0,asymmetric,30,1,1,2,0.2,anova,0.0000,0.5000
0,asymmetric,30,1,1,2,0.2,kruskal-wallis,0.0000,0.2000
0,asymmetric,30,1,1,2,0.2,rm-anova,0.0000,0.5000
0,asymmetric,30,1,1,2,0.5,friedman,0.0000,0.3000
0,asymmetric,30,1,1,2,0.5,anova,0.0000,0.3000
0,asymmetric,30,1,1,2,0.5,kruskal-wallis,0.0000,0.0000
0,asymmetric,30,1,1,2,0.5,rm-anova,0.0000,0.3000
0,asymmetric,30,1,1,2,0.8,friedman,0.0000,0.3000
0,asymmetric,30,1,1,2,0.8,anova,0.0000,0.6000
0,asymmetric,30,1,1,2,0.8,kruskal-wallis,0.0000,0.2000
0,asymmetric,30,1,1,2,0.8,rm-anova,0.0000,0.6000
0,bimodal,30,1,1,2,0.0,friedman,0.0000,1.0000
0,bimodal,30,1,1,2,0.0,anova,0.0000,1.0000
0,bimodal,30,1,1,2,0.0,kruskal-wallis,0.0000,1.0000
0,bimodal,30,1,1,2,0.0,rm-anova,0.0000,1.0000
0,bimodal,30,1,1,2,0.2,friedman,0.0000,1.0000
0,bimodal,30,1,1,2,0.2,anova,0.0000,1.0000
0,bimodal,30,1,1,2,0.2,kruskal-wallis,0.0000,1.0000
0,bimodal,30,1,1,2,0.2,rm-anova,0.0000,1.0000
0,bimodal,30,1,1,2,0.5,friedman,0.0000,1.0000
0,bimodal,30,1,1,2,0.5,anova,0.0000,1.0000
0,bimodal,30,1,1,2,0.5,kruskal-wallis,0.0000,1.0000
0,bimodal,30,1,1,2,0.5,rm-anova,0.0000,1.0000
0,bimodal,30,1,1,2,0.8,friedman,0.0000,1.0000
0,bimodal,30,1,1,2,0.8,anova,0.0000,1.0000
0,bimodal,30,1,1,2,0.8,kruskal-wallis,0.0000,1.0000
0,bimodal,30,1,1,2,0.8,rm-anova,0.0000,1.0000
0,dependent,30,1,1,2,0.0,friedman,0.0000,0.0000
0,dependent,30,1,1,2,0.0,anova,0.0000,0.0000
0,dependent,30,1,1,2,0.0,kruskal-wallis,0.0000,0.0000
0,dependent,30,1,1,2,0.0,rm-anova,0.0000,0.0000
0,dependent,30,1,1,2,0.2,friedman,0.0000,0.0000
0,dependent,30,1,1,2,0.2,anova,0.0000,0.0000
0,dependent,30,1,1,2,0.2,kruskal-wallis,0.0000,0.0000
0,dependent,30,1,1,2,0.2,rm-anova,0.0000,0.0000
0,dependent,30,1,1,2,0.5,friedman,0.0000,0.0000
0,dependent,30,1,1,2,0.5,anova,0.0000,0.0000
0,dependent,30,1,1,2,0.5,kruskal-wallis,0.0000,0.1000
0,dependent,30,1,1,2,0.5,rm-anova,0.0000,0.0000
0,dependent,30,1,1,2,0.8,friedman,0.0000,0.0000
0,dependent,30,1,1,2,0.8,anova,0.0000,0.0000
0,dependent,30,1,1,2,0.8,kruskal-wallis,0.0000,0.0000
0,dependent,30,1,1,2,0.8,rm-anova,0.0000,0.0000
0,control,100,1,1,2,0.0,friedman,0.0000,0.0000
0,control,100,1,1,2,0.0,anova,0.0000,0.0000
0,control,100,1,1,2,0.0,kruskal-wallis,0.0000,0.0000
0,control,100,1,1,2,0.0,rm-anova,0.0000,0.0000
0,control,100,1,1,2,0.2,friedman,0.0000,0.0000
0,control,100,1,1,2,0.2,anova,0.0000,0.0000
0,control,100,1,1,2,0.2,kruskal-wallis,0.0000,0.0000
0,control,100,1,1,2,0.2,rm-anova,0.0000,0.0000
0,control,100,1,1,2,0.5,friedman,0.0000,0.0000
0,control,100,1,1,2,0.5,anova,0.0000,0.0000
0,control,100,1,1,2,0.5,kruskal-wallis,0.0000,0.0000
0,control,100,1,1,2,0.5,rm-anova,0.0000,0.0000
0,control,100,1,1,2,0.8,friedman,0.0000,0.0000
0,control,100,1,1,2,0.8,anova,0.0000,0.0000
0,control,100,1,1,2,0.8,kruskal-wallis,0.0000,0.0000
0,control,100,1,1,2,0.8,rm-anova,0.0000,0.0000
0,uniform,100,1,1,2,0.0,friedman,0.0000,1.0000
0,uniform,100,1,1,2,0.0,anova,0.0000,1.0000
0,uniform,100,1,1,2,0.0,kruskal-wallis,0.0000,1.0000
0,uniform,100,1,1,2,0.0,rm-anova,0.0000,1.0000
0,uniform,100,1,1,2,0.2,friedman,0.0000,0.9000
0,uniform,100,1,1,2,0.2,anova,0.0000,1.0000
0,uniform,100,1,1,2,0.2,kruskal-wallis,0.0000,1.0000
0,uniform,100,1,1,2,0.2,rm-anova,0.0000,1.0000
0,uniform,100,1,1,2,0.5,friedman,0.0000,1.0000
0,uniform,100,1,1,2,0.5,anova,0.0000,1.0000
0,uniform,100,1,1,2,0.5,kruskal-wallis,0.0000,1.0000
0,uniform,100,1,1,2,0.5,rm-anova,0.0000,1.0000
0,uniform,100,1,1,2,0.8,friedman,0.0000,1.0000
0,uniform,100,1,1,2,0.8,anova,0.0000,1.0000
0,uniform,100,1,1,2,0.8,kruskal-wallis,0.0000,1.0000
0,uniform,100,1,1,2,0.8,rm-anova,0.0000,1.0000
0,asymmetric,100,1,1,2,0.0,friedman,0.0000,0.0000
0,asymmetric,100,1,1,2,0.0,anova,0.0000,0.0000
0,asymmetric,100,1,1,2,0.0,kruskal-wallis,0.0000,0.0000
0,asymmetric,100,1,1,2,0.0,rm-anova,0.0000,0.0000
0,asymmetric,100,1,1,2,0.2,friedman,0.0000,0.0000
0,asymmetric,100,1,1,2,0.2,anova,0.0000,0.0000
0,asymmetric,100,1,1,2,0.2,kruskal-wallis,0.0000,0.0000
0,asymmetric,100,1,1,2,0.2,rm-anova,0.0000,0.0000
0,asymmetric,100,1,1,2,0.5,friedman,0.0000,0.0000
0,asymmetric,100,1,1,2,0.5,anova,0.0000,0.0000
0,asymmetric,100,1,1,2,0.5,kruskal-wallis,0.0000,0.0000
0,asymmetric,100,1,1,2,0.5,rm-anova,0.0000,0.0000
0,asymmetric,100,1,1,2,0.8,friedman,0.0000,0.0000
0,asymmetric,100,1,1,2,0.8,anova,0.0000,0.0000
0,asymmetric,100,1,1,2,0.8,kruskal-wallis,0.0000,0.0000
0,asymmetric,100,1,1,2,0.8,rm-anova,0.0000,0.0000
0,bimodal,100,1,1,2,0.0,friedman,0.0000,1.0000
0,bimodal,100,1,1,2,0.0,anova,0.0000,1.0000
0,bimodal,100,1,1,2,0.0,kruskal-wallis,0.0000,1.0000
0,bimodal,100,1,1,2,0.0,rm-anova,0.0000,1.0000
0,bimodal,100,1,1,2,0.2,friedman,0.0000,0.9000
0,bimodal,100,1,1,2,0.2,anova,0.0000,0.9000
0,bimodal,100,1,1,2,0.2,kruskal-wallis,0.0000,0.9000
0,bimodal,100,1,1,2,0.2,rm-anova,0.0000,0.9000
0,bimodal,100,1,1,2,0.5,friedman,0.0000,0.8000
0,bimodal,100,1,1,2,0.5,anova,0.0000,0.9000
0,bimodal,100,1,1,2,0.5,kruskal-wallis,0.0000,0.9000
0,bimodal,100,1,1,2,0.5,rm-anova,0.0000,0.9000
0,bimodal,100,1,1,2,0.8,friedman,0.0000,0.9000
0,bimodal,100,1,1,2,0.8,anova,0.0000,0.9000
0,bimodal,100,1,1,2,0.8,kruskal-wallis,0.0000,0.9000
0,bimodal,100,1,1,2,0.8,rm-anova,0.0000,0.9000
0,dependent,100,1,1,2,0.0,friedman,0.0000,0.0000
0,dependent,100,1,1,2,0.0,anova,0.0000,0.0000
0,dependent,100,1,1,2,0.0,kruskal-wallis,0.0000,0.0000
0,dependent,100,1,1,2,0.0,rm-anova,0.0000,0.0000
0,dependent,100,1,1,2,0.2,friedman,0.0000,0.0000
0,dependent,100,1,1,2,0.2,anova,0.0000,0.0000
0,dependent,100,1,1,2,0.2,kruskal-wallis,0.0000,0.0000
0,dependent,100,1,1,2,0.2,rm-anova,0.0000,0.0000
0,dependent,100,1,1,2,0.5,friedman,0.0000,0.0000
0,dependent,100,1,1,2,0.5,anova,0.0000,0.0000
0,dependent,100,1,1,2,0.5,kruskal-wallis,0.0000,0.0000
0,dependent,100,1,1,2,0.5,rm-anova,0.0000,0.0000
0,dependent,100,1,1,2,0.8,friedman,0.0000,0.0000
0,dependent,100,1,1,2,0.8,anova,0.0000,0.0000
0,dependent,100,1,1,2,0.8,kruskal-wallis,0.0000,0.0000
0,dependent,100,1,1,2,0.8,rm-anova,0.0000,0.0000
0,control,10,4,4,6,0.0,friedman,0.0000,0.1000
0,control,10,4,4,6,0.0,anova,0.0000,0.1000
0,control,10,4,4,6,0.0,kruskal-wallis,0.0000,0.1000
0,control,10,4,4,6,0.0,rm-anova,0.0000,0.1000
0,control,10,4,4,6,0.2,friedman,0.0000,0.0000
0,control,10,4,4,6,0.2,anova,0.0000,0.0000
0,control,10,4,4,6,0.2,kruskal-wallis,0.0000,0.0000
0,control,10,4,4,6,0.2,rm-anova,0.0000,0.0000
0,control,10,4,4,6,0.5,friedman,0.0000,0.0000
0,control,10,4,4,6,0.5,anova,0.0000,0.0000
0,control,10,4,4,6,0.5,kruskal-wallis,0.0000,0.0000
0,control,10,4,4,6,0.5,rm-anova,0.0000,0.0000
0,control,10,4,4,6,0.8,friedman,0.0000,0.1000
0,control,10,4,4,6,0.8,anova,0.0000,0.1000
0,control,10,4,4,6,0.8,kruskal-wallis,0.0000,0.1000
0,control,10,4,4,6,0.8,rm-anova,0.0000,0.1000
0,uniform,10,4,4,6,0.0,friedman,0.0000,1.0000
0,uniform,10,4,4,6,0.0,anova,0.0000,1.0000
0,uniform,10,4,4,6,0.0,kruskal-wallis,0.0000,1.0000
0,uniform,10,4,4,6,0.0,rm-anova,0.0000,1.0000
0,uniform,10,4,4,6,0.2,friedman,0.0000,1.0000
0,uniform,10,4,4,6,0.2,anova,0.0000,1.0000
0,uniform,10,4,4,6,0.2,kruskal-wallis,0.0000,1.0000
0,uniform,10,4,4,6,0.2,rm-anova,0.0000,1.0000
0,uniform,10,4,4,6,0.5,friedman,0.0000,0.8000
0,uniform,10,4,4,6,0.5,anova,0.0000,0.8000
0,uniform,10,4,4,6,0.5,kruskal-wallis,0.0000,0.9000
0,uniform,10,4,4,6,0.5,rm-anova,0.0000,1.0000
0,uniform,10,4,4,6,0.8,friedman,0.0000,0.9000
0,uniform,10,4,4,6,0.8,anova,0.0000,1.0000
0,uniform,10,4,4,6,0.8,kruskal-wallis,0.0000,0.9000
0,uniform,10,4,4,6,0.8,rm-anova,0.0000,0.9000
0,asymmetric,10,4,4,6,0.0,friedman,0.0000,0.1000
0,asymmetric,10,4,4,6,0.0,anova,0.0000,0.1000
0,asymmetric,10,4,4,6,0.0,kruskal-wallis,0.0000,0.1000
0,asymmetric,10,4,4,6,0.0,rm-anova,0.0000,0.1000
0,asymmetric,10,4,4,6,0.2,friedman,0.0000,0.0000
0,asymmetric,10,4,4,6,0.2,anova,0.0000,0.0000
0,asymmetric,10,4,4,6,0.2,kruskal-wallis,0.0000,0.0000
0,asymmetric,10,4,4,6,0.2,rm-anova,0.0000,0.0000
0,asymmetric,10,4,4,6,0.5,friedman,0.0000,0.0000
0,asymmetric,10,4,4,6,0.5,anova,0.0000,0.0000
0,asymmetric,10,4,4,6,0.5,kruskal-wallis,0.0000,0.0000
0,asymmetric,10,4,4,6,0.5,rm-anova,0.0000,0.0000
0,asymmetric,10,4,4,6,0.8,friedman,0.0000,0.1000
0,asymmetric,10,4,4,6,0.8,anova,0.0000,0.0000
0,asymmetric,10,4,4,6,0.8,kruskal-wallis,0.0000,0.0000
0,asymmetric,10,4,4,6,0.8,rm-anova,0.0000,0.0000
0,bimodal,10,4,4,6,0.0,friedman,0.0000,1.0000
0,bimodal,10,4,4,6,0.0,anova,0.0000,1.0000
0,bimodal,10,4,4,6,0.0,kruskal-wallis,0.0000,1.0000
0,bimodal,10,4,4,6,0.0,rm-anova,0.0000,1.0000
0,bimodal,10,4,4,6,0.2,friedman,0.0000,1.0000
0,bimodal,10,4,4,6,0.2,anova,0.0000,1.0000
0,bimodal,10,4,4,6,0.2,kruskal-wallis,0.0000,1.0000
0,bimodal,10,4,4,6,0.2,rm-anova,0.0000,1.0000
0,bimodal,10,4,4,6,0.5,friedman,0.0000,0.8000
0,bimodal,10,4,4,6,0.5,anova,0.0000,0.9000
0,bimodal,10,4,4,6,0.5,kruskal-wallis,0.0000,0.9000
0,bimodal,10,4,4,6,0.5,rm-anova,0.0000,0.9000
0,bimodal,10,4,4,6,0.8,friedman,0.0000,1.0000
0,bimodal,10,4,4,6,0.8,anova,0.0000,1.0000
0,bimodal,10,4,4,6,0.8,kruskal-wallis,0.0000,1.0000
0,bimodal,10,4,4,6,0.8,rm-anova,0.0000,1.0000
0,dependent,10,4,4,6,0.0,friedman,0.0000,0.0000
0,dependent,10,4,4,6,0.0,anova,0.0000,0.0000
0,dependent,10,4,4,6,0.0,kruskal-wallis,0.0000,0.0000
0,dependent,10,4,4,6,0.0,rm-anova,0.0000,0.0000
0,dependent,10,4,4,6,0.2,friedman,0.0000,0.0000
0,dependent,10,4,4,6,0.2,anova,0.0000,0.0000
0,dependent,10,4,4,6,0.2,kruskal-wallis,0.0000,0.0000
0,dependent,10,4,4,6,0.2,rm-anova,0.0000,0.0000
0,dependent,10,4,4,6,0.5,friedman,0.0000,0.0000
0,dependent,10,4,4,6,0.5,anova,0.0000,0.0000
0,dependent,10,4,4,6,0.5,kruskal-wallis,0.0000,0.0000
0,dependent,10,4,4,6,0.5,rm-anova,0.0000,0.0000
0,dependent,10,4,4,6,0.8,friedman,0.0000,0.0000
0,dependent,10,4,4,6,0.8,anova,0.0000,0.0000
0,dependent,10,4,4,6,0.8,kruskal-wallis,0.0000,0.0000
0,dependent,10,4,4,6,0.8,rm-anova,0.0000,0.0000
0,control,30,4,4,6,0.0,friedman,0.0000,0.0000
0,control,30,4,4,6,0.0,anova,0.0000,0.0000
0,control,30,4,4,6,0.0,kruskal-wallis,0.0000,0.0000
0,control,30,4,4,6,0.0,rm-anova,0.0000,0.0000
0,control,30,4,4,6,0.2,friedman,0.0000,0.0000
0,control,30,4,4,6,0.2,anova,0.0000,0.0000
0,control,30,4,4,6,0.2,kruskal-wallis,0.0000,0.0000
0,control,30,4,4,6,0.2,rm-anova,0.0000,0.0000
0,control,30,4,4,6,0.5,friedman,0.0000,0.0000
0,control,30,4,4,6,0.5,anova,0.0000,0.0000
0,control,30,4,4,6,0.5,kruskal-wallis,0.0000,0.0000
0,control,30,4,4,6,0.5,rm-anova,0.0000,0.0000
0,control,30,4,4,6,0.8,friedman,0.0000,0.0000
0,control,30,4,4,6,0.8,anova,0.0000,0.0000
0,control,30,4,4,6,0.8,kruskal-wallis,0.0000,0.0000
0,control,30,4,4,6,0.8,rm-anova,0.0000,0.0000
0,uniform,30,4,4,6,0.0,friedman,0.0000,1.0000
0,uniform,30,4,4,6,0.0,anova,0.0000,1.0000
0,uniform,30,4,4,6,0.0,kruskal-wallis,0.0000,1.0000
0,uniform,30,4,4,6,0.0,rm-anova,0.0000,1.0000
0,uniform,30,4,4,6,0.2,friedman,0.0000,0.9000
0,uniform,30,4,4,6,0.2,anova,0.0000,0.9000
0,uniform,30,4,4,6,0.2,kruskal-wallis,0.0000,0.9000
0,uniform,30,4,4,6,0.2,rm-anova,0.0000,0.9000
0,uniform,30,4,4,6,0.5,friedman,0.0000,0.9000
0,uniform,30,4,4,6,0.5,anova,0.0000,0.9000
0,uniform,30,4,4,6,0.5,kruskal-wallis,0.0000,0.9000
0,uniform,30,4,4,6,0.5,rm-anova,0.0000,0.9000
0,uniform,30,4,4,6,0.8,friedman,0.0000,0.9000
0,uniform,30,4,4,6,0.8,anova,0.0000,0.8000
0,uniform,30,4,4,6,0.8,kruskal-wallis,0.0000,0.8000
0,uniform,30,4,4,6,0.8,rm-anova,0.0000,0.8000
0,asymmetric,30,4,4,6,0.0,friedman,0.0000,0.0000
0,asymmetric,30,4,4,6,0.0,anova,0.0000,0.0000
0,asymmetric,30,4,4,6,0.0,kruskal-wallis,0.0000,0.0000
0,asymmetric,30,4,4,6,0.0,rm-anova,0.0000,0.0000
0,asymmetric,30,4,4,6,0.2,friedman,0.0000,0.0000
0,asymmetric,30,4,4,6,0.2,anova,0.0000,0.0000
0,asymmetric,30,4,4,6,0.2,kruskal-wallis,0.0000,0.0000
0,asymmetric,30,4,4,6,0.2,rm-anova,0.0000,0.0000
0,asymmetric,30,4,4,6,0.5,friedman,0.0000,0.0000
0,asymmetric,30,4,4,6,0.5,anova,0.0000,0.0000
0,asymmetric,30,4,4,6,0.5,kruskal-wallis,0.0000,0.0000
0,asymmetric,30,4,4,6,0.5,rm-anova,0.0000,0.0000
0,asymmetric,30,4,4,6,0.8,friedman,0.0000,0.0000
0,asymmetric,30,4,4,6,0.8,anova,0.0000,0.0000
0,asymmetric,30,4,4,6,0.8,kruskal-wallis,0.0000,0.0000
0,asymmetric,30,4,4,6,0.8,rm-anova,0.0000,0.0000
0,bimodal,30,4,4,6,0.0,friedman,0.0000,0.8000
0,bimodal,30,4,4,6,0.0,anova,0.0000,0.9000
0,bimodal,30,4,4,6,0.0,kruskal-wallis,0.0000,0.9000
0,bimodal,30,4,4,6,0.0,rm-anova,0.0000,0.8000
0,bimodal,30,4,4,6,0.2,friedman,0.0000,1.0000
0,bimodal,30,4,4,6,0.2,anova,0.0000,1.0000
0,bimodal,30,4,4,6,0.2,kruskal-wallis,0.0000,1.0000
0,bimodal,30,4,4,6,0.2,rm-anova,0.0000,1.0000
0,bimodal,30,4,4,6,0.5,friedman,0.0000,1.0000
0,bimodal,30,4,4,6,0.5,anova,0.0000,0.9000
0,bimodal,30,4,4,6,0.5,kruskal-wallis,0.0000,0.9000
0,bimodal,30,4,4,6,0.5,rm-anova,0.0000,0.9000
0,bimodal,30,4,4,6,0.8,friedman,0.0000,1.0000
0,bimodal,30,4,4,6,0.8,anova,0.0000,1.0000
0,bimodal,30,4,4,6,0.8,kruskal-wallis,0.0000,1.0000
0,bimodal,30,4,4,6,0.8,rm-anova,0.0000,1.0000
0,dependent,30,4,4,6,0.0,friedman,0.0000,0.0000
0,dependent,30,4,4,6,0.0,anova,0.0000,0.0000
0,dependent,30,4,4,6,0.0,kruskal-wallis,0.0000,0.0000
0,dependent,30,4,4,6,0.0,rm-anova,0.0000,0.0000
0,dependent,30,4,4,6,0.2,friedman,0.0000,0.0000
0,dependent,30,4,4,6,0.2,anova,0.0000,0.0000
0,dependent,30,4,4,6,0.2,kruskal-wallis,0.0000,0.0000
0,dependent,30,4,4,6,0.2,rm-anova,0.0000,0.0000
0,dependent,30,4,4,6,0.5,friedman,0.0000,0.0000
0,dependent,30,4,4,6,0.5,anova,0.0000,0.0000
0,dependent,30,4,4,6,0.5,kruskal-wallis,0.0000,0.0000
0,dependent,30,4,4,6,0.5,rm-anova,0.0000,0.0000
0,dependent,30,4,4,6,0.8,friedman,0.0000,0.0000
0,dependent,30,4,4,6,0.8,anova,0.0000,0.0000
0,dependent,30,4,4,6,0.8,kruskal-wallis,0.0000,0.0000
0,dependent,30,4,4,6,0.8,rm-anova,0.0000,0.0000
0,control,100,4,4,6,0.0,friedman,0.0000,0.0000
0,control,100,4,4,6,0.0,anova,0.0000,0.0000
0,control,100,4,4,6,0.0,kruskal-wallis,0.0000,0.0000
0,control,100,4,4,6,0.0,rm-anova,0.0000,0.0000
0,control,100,4,4,6,0.2,friedman,0.0000,0.0000
0,control,100,4,4,6,0.2,anova,0.0000,0.0000
0,control,100,4,4,6,0.2,kruskal-wallis,0.0000,0.0000
0,control,100,4,4,6,0.2,rm-anova,0.0000,0.0000
0,control,100,4,4,6,0.5,friedman,0.0000,0.0000
0,control,100,4,4,6,0.5,anova,0.0000,0.0000
0,control,100,4,4,6,0.5,kruskal-wallis,0.0000,0.0000
0,control,100,4,4,6,0.5,rm-anova,0.0000,0.0000
0,control,100,4,4,6,0.8,friedman,0.0000,0.0000
0,control,100,4,4,6,0.8,anova,0.0000,0.0000
0,control,100,4,4,6,0.8,kruskal-wallis,0.0000,0.0000
0,control,100,4,4,6,0.8,rm-anova,0.0000,0.0000
0,uniform,100,4,4,6,0.0,friedman,0.0000,1.0000
0,uniform,100,4,4,6,0.0,anova,0.0000,0.9000
0,uniform,100,4,4,6,0.0,kruskal-wallis,0.0000,0.8000
0,uniform,100,4,4,6,0.0,rm-anova,0.0000,0.9000
0,uniform,100,4,4,6,0.2,friedman,0.0000,1.0000
0,uniform,100,4,4,6,0.2,anova,0.0000,0.9000
0,uniform,100,4,4,6,0.2,kruskal-wallis,0.0000,0.9000
0,uniform,100,4,4,6,0.2,rm-anova,0.0000,0.9000
0,uniform,100,4,4,6,0.5,friedman,0.0000,1.0000
0,uniform,100,4,4,6,0.5,anova,0.0000,1.0000
0,uniform,100,4,4,6,0.5,kruskal-wallis,0.0000,1.0000
0,uniform,100,4,4,6,0.5,rm-anova,0.0000,1.0000
0,uniform,100,4,4,6,0.8,friedman,0.0000,0.9000
0,uniform,100,4,4,6,0.8,anova,0.0000,0.9000
0,uniform,100,4,4,6,0.8,kruskal-wallis,0.0000,0.9000
0,uniform,100,4,4,6,0.8,rm-anova,0.0000,0.9000
0,asymmetric,100,4,4,6,0.0,friedman,0.0000,0.0000
0,asymmetric,100,4,4,6,0.0,anova,0.0000,0.0000
0,asymmetric,100,4,4,6,0.0,kruskal-wallis,0.0000,0.0000
0,asymmetric,100,4,4,6,0.0,rm-anova,0.0000,0.0000
0,asymmetric,100,4,4,6,0.2,friedman,0.0000,0.0000
0,asymmetric,100,4,4,6,0.2,anova,0.0000,0.0000
0,asymmetric,100,4,4,6,0.2,kruskal-wallis,0.0000,0.0000
0,asymmetric,100,4,4,6,0.2,rm-anova,0.0000,0.0000
0,asymmetric,100,4,4,6,0.5,friedman,0.0000,0.0000
0,asymmetric,100,4,4,6,0.5,anova,0.0000,0.0000
0,asymmetric,100,4,4,6,0.5,kruskal-wallis,0.0000,0.0000
0,asymmetric,100,4,4,6,0.5,rm-anova,0.0000,0.0000
0,asymmetric,100,4,4,6,0.8,friedman,0.0000,0.0000
0,asymmetric,100,4,4,6,0.8,anova,0.0000,0.0000
0,asymmetric,100,4,4,6,0.8,kruskal-wallis,0.0000,0.0000
0,asymmetric,100,4,4,6,0.8,rm-anova,0.0000,0.0000
0,bimodal,100,4,4,6,0.0,friedman,0.0000,1.0000
0,bimodal,100,4,4,6,0.0,anova,0.0000,0.9000
0,bimodal,100,4,4,6,0.0,kruskal-wallis,0.0000,0.9000
0,bimodal,100,4,4,6,0.0,rm-anova,0.0000,0.9000
0,bimodal,100,4,4,6,0.2,friedman,0.0000,1.0000
0,bimodal,100,4,4,6,0.2,anova,0.0000,1.0000
0,bimodal,100,4,4,6,0.2,kruskal-wallis,0.0000,1.0000
0,bimodal,100,4,4,6,0.2,rm-anova,0.0000,1.0000
0,bimodal,100,4,4,6,0.5,friedman,0.0000,0.9000
0,bimodal,100,4,4,6,0.5,anova,0.0000,1.0000
0,bimodal,100,4,4,6,0.5,kruskal-wallis,0.0000,1.0000
0,bimodal,100,4,4,6,0.5,rm-anova,0.0000,1.0000
0,bimodal,100,4,4,6,0.8,friedman,0.0000,0.9000
0,bimodal,100,4,4,6,0.8,anova,0.0000,0.7000
0,bimodal,100,4,4,6,0.8,kruskal-wallis,0.0000,0.7000
0,bimodal,100,4,4,6,0.8,rm-anova,0.0000,0.7000
0,dependent,100,4,4,6,0.0,friedman,0.0000,0.0000
0,dependent,100,4,4,6,0.0,anova,0.0000,0.0000
0,dependent,100,4,4,6,0.0,kruskal-wallis,0.0000,0.0000
0,dependent,100,4,4,6,0.0,rm-anova,0.0000,0.0000
0,dependent,100,4,4,6,0.2,friedman,0.0000,0.0000
0,dependent,100,4,4,6,0.2,anova,0.0000,0.0000
0,dependent,100,4,4,6,0.2,kruskal-wallis,0.0000,0.0000
0,dependent,100,4,4,6,0.2,rm-anova,0.0000,0.0000
0,dependent,100,4,4,6,0.5,friedman,0.0000,0.0000
0,dependent,100,4,4,6,0.5,anova,0.0000,0.0000
0,dependent,100,4,4,6,0.5,kruskal-wallis,0.0000,0.0000
0,dependent,100,4,4,6,0.5,rm-anova,0.0000,0.0000
0,dependent,100,4,4,6,0.8,friedman,0.0000,0.0000
0,dependent,100,4,4,6,0.8,anova,0.0000,0.0000
0,dependent,100,4,4,6,0.8,kruskal-wallis,0.0000,0.0000
0,dependent,100,4,4,6,0.8,rm-anova,0.0000,0.0000
0,control,10,6,6,3,0.0,friedman,0.0000,0.0000
0,control,10,6,6,3,0.0,anova,0.0000,0.0000
0,control,10,6,6,3,0.0,kruskal-wallis,0.0000,0.0000
0,control,10,6,6,3,0.0,rm-anova,0.0000,0.0000
0,control,10,6,6,3,0.2,friedman,0.0000,0.0000
0,control,10,6,6,3,0.2,anova,0.0000,0.0000
0,control,10,6,6,3,0.2,kruskal-wallis,0.0000,0.0000
0,control,10,6,6,3,0.2,rm-anova,0.0000,0.0000
0,control,10,6,6,3,0.5,friedman,0.0000,0.0000
0,control,10,6,6,3,0.5,anova,0.0000,0.0000
0,control,10,6,6,3,0.5,kruskal-wallis,0.0000,0.0000
0,control,10,6,6,3,0.5,rm-anova,0.0000,0.0000
0,control,10,6,6,3,0.8,friedman,0.0000,0.0000
0,control,10,6,6,3,0.8,anova,0.0000,0.0000
0,control,10,6,6,3,0.8,kruskal-wallis,0.0000,0.0000
0,control,10,6,6,3,0.8,rm-anova,0.0000,0.0000
0,uniform,10,6,6,3,0.0,friedman,0.0000,1.0000
0,uniform,10,6,6,3,0.0,anova,0.0000,1.0000
0,uniform,10,6,6,3,0.0,kruskal-wallis,0.0000,1.0000
0,uniform,10,6,6,3,0.0,rm-anova,0.0000,1.0000
0,uniform,10,6,6,3,0.2,friedman,0.0000,0.9000
0,uniform,10,6,6,3,0.2,anova,0.0000,1.0000
0,uniform,10,6,6,3,0.2,kruskal-wallis,0.0000,1.0000
0,uniform,10,6,6,3,0.2,rm-anova,0.0000,0.9000
0,uniform,10,6,6,3,0.5,friedman,0.0000,1.0000
0,uniform,10,6,6,3,0.5,anova,0.0000,1.0000
0,uniform,10,6,6,3,0.5,kruskal-wallis,0.0000,1.0000
0,uniform,10,6,6,3,0.5,rm-anova,0.0000,1.0000
0,uniform,10,6,6,3,0.8,friedman,0.0000,1.0000
0,uniform,10,6,6,3,0.8,anova,0.0000,1.0000
0,uniform,10,6,6,3,0.8,kruskal-wallis,0.0000,1.0000
0,uniform,10,6,6,3,0.8,rm-anova,0.0000,1.0000
0,asymmetric,10,6,6,3,0.0,friedman,0.0000,0.0000
0,asymmetric,10,6,6,3,0.0,anova,0.0000,0.0000
0,asymmetric,10,6,6,3,0.0,kruskal-wallis,0.0000,0.0000
0,asymmetric,10,6,6,3,0.0,rm-anova,0.0000,0.0000
0,asymmetric,10,6,6,3,0.2,friedman,0.0000,0.0000
0,asymmetric,10,6,6,3,0.2,anova,0.0000,0.0000
0,asymmetric,10,6,6,3,0.2,kruskal-wallis,0.0000,0.0000
0,asymmetric,10,6,6,3,0.2,rm-anova,0.0000,0.0000
0,asymmetric,10,6,6,3,0.5,friedman,0.0000,0.0000
0,asymmetric,10,6,6,3,0.5,anova,0.0000,0.0000
0,asymmetric,10,6,6,3,0.5,kruskal-wallis,0.0000,0.0000
0,asymmetric,10,6,6,3,0.5,rm-anova,0.0000,0.0000
0,asymmetric,10,6,6,3,0.8,friedman,0.0000,0.0000
0,asymmetric,10,6,6,3,0.8,anova,0.0000,0.0000
0,asymmetric,10,6,6,3,0.8,kruskal-wallis,0.0000,0.0000
0,asymmetric,10,6,6,3,0.8,rm-anova,0.0000,0.0000
0,bimodal,10,6,6,3,0.0,friedman,0.0000,1.0000
0,bimodal,10,6,6,3,0.0,anova,0.0000,1.0000
0,bimodal,10,6,6,3,0.0,kruskal-wallis,0.0000,1.0000
0,bimodal,10,6,6,3,0.0,rm-anova,0.0000,1.0000
0,bimodal,10,6,6,3,0.2,friedman,0.0000,1.0000
0,bimodal,10,6,6,3,0.2,anova,0.0000,1.0000
0,bimodal,10,6,6,3,0.2,kruskal-wallis,0.0000,1.0000
0,bimodal,10,6,6,3,0.2,rm-anova,0.0000,1.0000
0,bimodal,10,6,6,3,0.5,friedman,0.0000,1.0000
0,bimodal,10,6,6,3,0.5,anova,0.0000,1.0000
0,bimodal,10,6,6,3,0.5,kruskal-wallis,0.0000,1.0000
0,bimodal,10,6,6,3,0.5,rm-anova,0.0000,1.0000
0,bimodal,10,6,6,3,0.8,friedman,0.0000,1.0000
0,bimodal,10,6,6,3,0.8,anova,0.0000,1.0000
0,bimodal,10,6,6,3,0.8,kruskal-wallis,0.0000,1.0000
0,bimodal,10,6,6,3,0.8,rm-anova,0.0000,1.0000
0,dependent,10,6,6,3,0.0,friedman,0.0000,0.0000
0,dependent,10,6,6,3,0.0,anova,0.0000,0.0000
0,dependent,10,6,6,3,0.0,kruskal-wallis,0.0000,0.0000
0,dependent,10,6,6,3,0.0,rm-anova,0.0000,0.0000
0,dependent,10,6,6,3,0.2,friedman,0.0000,0.0000
0,dependent,10,6,6,3,0.2,anova,0.0000,0.0000
0,dependent,10,6,6,3,0.2,kruskal-wallis,0.0000,0.0000
0,dependent,10,6,6,3,0.2,rm-anova,0.0000,0.0000
0,dependent,10,6,6,3,0.5,friedman,0.0000,0.0000
0,dependent,10,6,6,3,0.5,anova,0.0000,0.0000
0,dependent,10,6,6,3,0.5,kruskal-wallis,0.0000,0.0000
0,dependent,10,6,6,3,0.5,rm-anova,0.0000,0.0000
0,dependent,10,6,6,3,0.8,friedman,0.0000,0.0000
0,dependent,10,6,6,3,0.8,anova,0.0000,0.0000
0,dependent,10,6,6,3,0.8,kruskal-wallis,0.0000,0.0000
0,dependent,10,6,6,3,0.8,rm-anova,0.0000,0.0000
0,control,30,6,6,3,0.0,friedman,0.0000,0.0000
0,control,30,6,6,3,0.0,anova,0.0000,0.0000
0,control,30,6,6,3,0.0,kruskal-wallis,0.0000,0.0000
0,control,30,6,6,3,0.0,rm-anova,0.0000,0.0000
0,control,30,6,6,3,0.2,friedman,0.0000,0.0000
0,control,30,6,6,3,0.2,anova,0.0000,0.0000
0,control,30,6,6,3,0.2,kruskal-wallis,0.0000,0.0000
0,control,30,6,6,3,0.2,rm-anova,0.0000,0.0000
0,control,30,6,6,3,0.5,friedman,0.0000,0.0000
0,control,30,6,6,3,0.5,anova,0.0000,0.0000
0,control,30,6,6,3,0.5,kruskal-wallis,0.0000,0.0000
0,control,30,6,6,3,0.5,rm-anova,0.0000,0.0000
0,control,30,6,6,3,0.8,friedman,0.0000,0.0000
0,control,30,6,6,3,0.8,anova,0.0000,0.0000
0,control,30,6,6,3,0.8,kruskal-wallis,0.0000,0.0000
0,control,30,6,6,3,0.8,rm-anova,0.0000,0.0000
0,uniform,30,6,6,3,0.0,friedman,0.0000,1.0000
0,uniform,30,6,6,3,0.0,anova,0.0000,1.0000
0,uniform,30,6,6,3,0.0,kruskal-wallis,0.0000,1.0000
0,uniform,30,6,6,3,0.0,rm-anova,0.0000,1.0000
0,uniform,30,6,6,3,0.2,friedman,0.0000,1.0000
0,uniform,30,6,6,3,0.2,anova,0.0000,1.0000
0,uniform,30,6,6,3,0.2,kruskal-wallis,0.0000,1.0000
0,uniform,30,6,6,3,0.2,rm-anova,0.0000,1.0000
0,uniform,30,6,6,3,0.5,friedman,0.0000,1.0000
0,uniform,30,6,6,3,0.5,anova,0.0000,1.0000
0,uniform,30,6,6,3,0.5,kruskal-wallis,0.0000,1.0000
0,uniform,30,6,6,3,0.5,rm-anova,0.0000,1.0000
0,uniform,30,6,6,3,0.8,friedman,0.0000,0.9000
0,uniform,30,6,6,3,0.8,anova,0.0000,0.9000
0,uniform,30,6,6,3,0.8,kruskal-wallis,0.0000,0.9000
0,uniform,30,6,6,3,0.8,rm-anova,0.0000,0.9000
0,asymmetric,30,6,6,3,0.0,friedman,0.0000,0.0000
0,asymmetric,30,6,6,3,0.0,anova,0.0000,0.0000
0,asymmetric,30,6,6,3,0.0,kruskal-wallis,0.0000,0.0000
0,asymmetric,30,6,6,3,0.0,rm-anova,0.0000,0.0000
0,asymmetric,30,6,6,3,0.2,friedman,0.0000,0.0000
0,asymmetric,30,6,6,3,0.2,anova,0.0000,0.0000
0,asymmetric,30,6,6,3,0.2,kruskal-wallis,0.0000,0.0000
0,asymmetric,30,6,6,3,0.2,rm-anova,0.0000,0.0000
0,asymmetric,30,6,6,3,0.5,friedman,0.0000,0.0000
0,asymmetric,30,6,6,3,0.5,anova,0.0000,0.0000
0,asymmetric,30,6,6,3,0.5,kruskal-wallis,0.0000,0.0000
0,asymmetric,30,6,6,3,0.5,rm-anova,0.0000,0.0000
0,asymmetric,30,6,6,3,0.8,friedman,0.0000,0.0000
0,asymmetric,30,6,6,3,0.8,anova,0.0000,0.0000
0,asymmetric,30,6,6,3,0.8,kruskal-wallis,0.0000,0.0000
0,asymmetric,30,6,6,3,0.8,rm-anova,0.0000,0.0000
0,bimodal,30,6,6,3,0.0,friedman,0.0000,0.9000
0,bimodal,30,6,6,3,0.0,anova,0.0000,0.8000
0,bimodal,30,6,6,3,0.0,kruskal-wallis,0.0000,0.9000
0,bimodal,30,6,6,3,0.0,rm-anova,0.0000,0.8000
0,bimodal,30,6,6,3,0.2,friedman,0.0000,1.0000
0,bimodal,30,6,6,3,0.2,anova,0.0000,1.0000
0,bimodal,30,6,6,3,0.2,kruskal-wallis,0.0000,1.0000
0,bimodal,30,6,6,3,0.2,rm-anova,0.0000,1.0000
0,bimodal,30,6,6,3,0.5,friedman,0.0000,1.0000
0,bimodal,30,6,6,3,0.5,anova,0.0000,1.0000
0,bimodal,30,6,6,3,0.5,kruskal-wallis,0.0000,1.0000
0,bimodal,30,6,6,3,0.5,rm-anova,0.0000,1.0000
0,bimodal,30,6,6,3,0.8,friedman,0.0000,1.0000
0,bimodal,30,6,6,3,0.8,anova,0.0000,1.0000
0,bimodal,30,6,6,3,0.8,kruskal-wallis,0.0000,1.0000
0,bimodal,30,6,6,3,0.8,rm-anova,0.0000,1.0000
0,dependent,30,6,6,3,0.0,friedman,0.0000,0.0000
0,dependent,30,6,6,3,0.0,anova,0.0000,0.0000
0,dependent,30,6,6,3,0.0,kruskal-wallis,0.0000,0.0000
0,dependent,30,6,6,3,0.0,rm-anova,0.0000,0.0000
0,dependent,30,6,6,3,0.2,friedman,0.0000,0.0000
0,dependent,30,6,6,3,0.2,anova,0.0000,0.0000
0,dependent,30,6,6,3,0.2,kruskal-wallis,0.0000,0.0000
0,dependent,30,6,6,3,0.2,rm-anova,0.0000,0.0000
0,dependent,30,6,6,3,0.5,friedman,0.0000,0.0000
0,dependent,30,6,6,3,0.5,anova,0.0000,0.0000
0,dependent,30,6,6,3,0.5,kruskal-wallis,0.0000,0.0000
0,dependent,30,6,6,3,0.5,rm-anova,0.0000,0.0000
0,dependent,30,6,6,3,0.8,friedman,0.0000,0.0000
0,dependent,30,6,6,3,0.8,anova,0.0000,0.0000
0,dependent,30,6,6,3,0.8,kruskal-wallis,0.0000,0.0000
0,dependent,30,6,6,3,0.8,rm-anova,0.0000,0.0000
0,control,100,6,6,3,0.0,friedman,0.0000,0.0000
0,control,100,6,6,3,0.0,anova,0.0000,0.0000
0,control,100,6,6,3,0.0,kruskal-wallis,0.0000,0.0000
0,control,100,6,6,3,0.0,rm-anova,0.0000,0.0000
0,control,100,6,6,3,0.2,friedman,0.0000,0.0000
0,control,100,6,6,3,0.2,anova,0.0000,0.0000
0,control,100,6,6,3,0.2,kruskal-wallis,0.0000,0.0000
0,control,100,6,6,3,0.2,rm-anova,0.0000,0.0000
0,control,100,6,6,3,0.5,friedman,0.0000,0.0000
0,control,100,6,6,3,0.5,anova,0.0000,0.0000
0,control,100,6,6,3,0.5,kruskal-wallis,0.0000,0.0000
0,control,100,6,6,3,0.5,rm-anova,0.0000,0.0000
0,control,100,6,6,3,0.8,friedman,0.0000,0.0000
0,control,100,6,6,3,0.8,anova,0.0000,0.0000
0,control,100,6,6,3,0.8,kruskal-wallis,0.0000,0.0000
0,control,100,6,6,3,0.8,rm-anova,0.0000,0.0000
0,uniform,100,6,6,3,0.0,friedman,0.0000,1.0000
0,uniform,100,6,6,3,0.0,anova,0.0000,1.0000
0,uniform,100,6,6,3,0.0,kruskal-wallis,0.0000,1.0000
0,uniform,100,6,6,3,0.0,rm-anova,0.0000,1.0000
0,uniform,100,6,6,3,0.2,friedman,0.0000,1.0000
0,uniform,100,6,6,3,0.2,anova,0.0000,1.0000
0,uniform,100,6,6,3,0.2,kruskal-wallis,0.0000,1.0000
0,uniform,100,6,6,3,0.2,rm-anova,0.0000,1.0000
0,uniform,100,6,6,3,0.5,friedman,0.0000,1.0000
0,uniform,100,6,6,3,0.5,anova,0.0000,1.0000
0,uniform,100,6,6,3,0.5,kruskal-wallis,0.0000,1.0000
0,uniform,100,6,6,3,0.5,rm-anova,0.0000,1.0000
0,uniform,100,6,6,3,0.8,friedman,0.0000,1.0000
0,uniform,100,6,6,3,0.8,anova,0.0000,1.0000
0,uniform,100,6,6,3,0.8,kruskal-wallis,0.0000,1.0000
0,uniform,100,6,6,3,0.8,rm-anova,0.0000,1.0000
0,asymmetric,100,6,6,3,0.0,friedman,0.0000,0.0000
0,asymmetric,100,6,6,3,0.0,anova,0.0000,0.0000
0,asymmetric,100,6,6,3,0.0,kruskal-wallis,0.0000,0.0000
0,asymmetric,100,6,6,3,0.0,rm-anova,0.0000,0.0000
0,asymmetric,100,6,6,3,0.2,friedman,0.0000,0.0000
0,asymmetric,100,6,6,3,0.2,anova,0.0000,0.0000
0,asymmetric,100,6,6,3,0.2,kruskal-wallis,0.0000,0.0000
0,asymmetric,100,6,6,3,0.2,rm-anova,0.0000,0.0000
0,asymmetric,100,6,6,3,0.5,friedman,0.0000,0.0000
0,asymmetric,100,6,6,3,0.5,anova,0.0000,0.0000
0,asymmetric,100,6,6,3,0.5,kruskal-wallis,0.0000,0.0000
0,asymmetric,100,6,6,3,0.5,rm-anova,0.0000,0.0000
0,asymmetric,100,6,6,3,0.8,friedman,0.0000,0.0000
0,asymmetric,100,6,6,3,0.8,anova,0.0000,0.0000
0,asymmetric,100,6,6,3,0.8,kruskal-wallis,0.0000,0.0000
0,asymmetric,100,6,6,3,0.8,rm-anova,0.0000,0.0000
0,bimodal,100,6,6,3,0.0,friedman,0.0000,1.0000
0,bimodal,100,6,6,3,0.0,anova,0.0000,1.0000
0,bimodal,100,6,6,3,0.0,kruskal-wallis,0.0000,1.0000
0,bimodal,100,6,6,3,0.0,rm-anova,0.0000,1.0000
0,bimodal,100,6,6,3,0.2,friedman,0.0000,0.8000
0,bimodal,100,6,6,3,0.2,anova,0.0000,1.0000
0,bimodal,100,6,6,3,0.2,kruskal-wallis,0.0000,1.0000
0,bimodal,100,6,6,3,0.2,rm-anova,0.0000,1.0000
0,bimodal,100,6,6,3,0.5,friedman,0.0000,0.9000
0,bimodal,100,6,6,3,0.5,anova,0.0000,0.9000
0,bimodal,100,6,6,3,0.5,kruskal-wallis,0.0000,0.9000
0,bimodal,100,6,6,3,0.5,rm-anova,0.0000,0.9000
0,bimodal,100,6,6,3,0.8,friedman,0.0000,1.0000
0,bimodal,100,6,6,3,0.8,anova,0.0000,1.0000
0,bimodal,100,6,6,3,0.8,kruskal-wallis,0.0000,1.0000
0,bimodal,100,6,6,3,0.8,rm-anova,0.0000,1.0000
0,dependent,100,6,6,3,0.0,friedman,0.0000,0.0000
0,dependent,100,6,6,3,0.0,anova,0.0000,0.0000
0,dependent,100,6,6,3,0.0,kruskal-wallis,0.0000,0.0000
0,dependent,100,6,6,3,0.0,rm-anova,0.0000,0.0000
0,dependent,100,6,6,3,0.2,friedman,0.0000,0.0000
0,dependent,100,6,6,3,0.2,anova,0.0000,0.0000
0,dependent,100,6,6,3,0.2,kruskal-wallis,0.0000,0.0000
0,dependent,100,6,6,3,0.2,rm-anova,0.0000,0.0000
0,dependent,100,6,6,3,0.5,friedman,0.0000,0.0000
0,dependent,100,6,6,3,0.5,anova,0.0000,0.0000
0,dependent,100,6,6,3,0.5,kruskal-wallis,0.0000,0.0000
0,dependent,100,6,6,3,0.5,rm-anova,0.0000,0.0000
0,dependent,100,6,6,3,0.8,friedman,0.0000,0.0000
0,dependent,100,6,6,3,0.8,anova,0.0000,0.0000
0,dependent,100,6,6,3,0.8,kruskal-wallis,0.0000,0.0000
0,dependent,100,6,6,3,0.8,rm-anova,0.0000,0.0000
0,control,10,6,6,2,0.0,friedman,0.0000,0.0000
0,control,10,6,6,2,0.0,anova,0.0000,0.0000
0,control,10,6,6,2,0.0,kruskal-wallis,0.0000,0.0000
0,control,10,6,6,2,0.0,rm-anova,0.0000,0.0000
0,control,10,6,6,2,0.2,friedman,0.0000,0.0000
0,control,10,6,6,2,0.2,anova,0.0000,0.0000
0,control,10,6,6,2,0.2,kruskal-wallis,0.0000,0.0000
0,control,10,6,6,2,0.2,rm-anova,0.0000,0.0000
0,control,10,6,6,2,0.5,friedman,0.0000,0.0000
0,control,10,6,6,2,0.5,anova,0.0000,0.0000
0,control,10,6,6,2,0.5,kruskal-wallis,0.0000,0.0000
0,control,10,6,6,2,0.5,rm-anova,0.0000,0.0000
0,control,10,6,6,2,0.8,friedman,0.0000,0.0000
0,control,10,6,6,2,0.8,anova,0.0000,0.0000
0,control,10,6,6,2,0.8,kruskal-wallis,0.0000,0.0000
0,control,10,6,6,2,0.8,rm-anova,0.0000,0.0000
0,uniform,10,6,6,2,0.0,friedman,0.0000,1.0000
0,uniform,10,6,6,2,0.0,anova,0.0000,1.0000
0,uniform,10,6,6,2,0.0,kruskal-wallis,0.0000,1.0000
0,uniform,10,6,6,2,0.0,rm-anova,0.0000,1.0000
0,uniform,10,6,6,2,0.2,friedman,0.0000,0.9000
0,uniform,10,6,6,2,0.2,anova,0.0000,1.0000
0,uniform,10,6,6,2,0.2,kruskal-wallis,0.0000,1.0000
0,uniform,10,6,6,2,0.2,rm-anova,0.0000,0.9000
0,uniform,10,6,6,2,0.5,friedman,0.0000,0.9000
0,uniform,10,6,6,2,0.5,anova,0.0000,0.9000
0,uniform,10,6,6,2,0.5,kruskal-wallis,0.0000,0.9000
0,uniform,10,6,6,2,0.5,rm-anova,0.0000,0.9000
0,uniform,10,6,6,2,0.8,friedman,0.0000,1.0000
0,uniform,10,6,6,2,0.8,anova,0.0000,0.9000
0,uniform,10,6,6,2,0.8,kruskal-wallis,0.0000,0.9000
0,uniform,10,6,6,2,0.8,rm-anova,0.0000,0.9000
0,asymmetric,10,6,6,2,0.0,friedman,0.0000,0.0000
0,asymmetric,10,6,6,2,0.0,anova,0.0000,0.0000
0,asymmetric,10,6,6,2,0.0,kruskal-wallis,0.0000,0.0000
0,asymmetric,10,6,6,2,0.0,rm-anova,0.0000,0.0000
0,asymmetric,10,6,6,2,0.2,friedman,0.0000,0.0000
0,asymmetric,10,6,6,2,0.2,anova,0.0000,0.0000
0,asymmetric,10,6,6,2,0.2,kruskal-wallis,0.0000,0.0000
0,asymmetric,10,6,6,2,0.2,rm-anova,0.0000,0.0000
0,asymmetric,10,6,6,2,0.5,friedman,0.0000,0.0000
0,asymmetric,10,6,6,2,0.5,anova,0.0000,0.0000
0,asymmetric,10,6,6,2,0.5,kruskal-wallis,0.0000,0.0000
0,asymmetric,10,6,6,2,0.5,rm-anova,0.0000,0.0000
0,asymmetric,10,6,6,2,0.8,friedman,0.0000,0.0000
0,asymmetric,10,6,6,2,0.8,anova,0.0000,0.0000
0,asymmetric,10,6,6,2,0.8,kruskal-wallis,0.0000,0.0000
0,asymmetric,10,6,6,2,0.8,rm-anova,0.0000,0.0000
0,bimodal,10,6,6,2,0.0,friedman,0.0000,0.9000
0,bimodal,10,6,6,2,0.0,anova,0.0000,1.0000
0,bimodal,10,6,6,2,0.0,kruskal-wallis,0.0000,1.0000
0,bimodal,10,6,6,2,0.0,rm-anova,0.0000,0.9000
0,bimodal,10,6,6,2,0.2,friedman,0.0000,1.0000
0,bimodal,10,6,6,2,0.2,anova,0.0000,0.9000
0,bimodal,10,6,6,2,0.2,kruskal-wallis,0.0000,0.9000
0,bimodal,10,6,6,2,0.2,rm-anova,0.0000,0.9000
0,bimodal,10,6,6,2,0.5,friedman,0.0000,0.9000
0,bimodal,10,6,6,2,0.5,anova,0.0000,0.9000
0,bimodal,10,6,6,2,0.5,kruskal-wallis,0.0000,0.9000
0,bimodal,10,6,6,2,0.5,rm-anova,0.0000,0.9000
0,bimodal,10,6,6,2,0.8,friedman,0.0000,0.9000
0,bimodal,10,6,6,2,0.8,anova,0.0000,1.0000
0,bimodal,10,6,6,2,0.8,kruskal-wallis,0.0000,1.0000
0,bimodal,10,6,6,2,0.8,rm-anova,0.0000,1.0000
0,dependent,10,6,6,2,0.0,friedman,0.0000,0.0000
0,dependent,10,6,6,2,0.0,anova,0.0000,0.0000
0,dependent,10,6,6,2,0.0,kruskal-wallis,0.0000,0.0000
0,dependent,10,6,6,2,0.0,rm-anova,0.0000,0.0000
0,dependent,10,6,6,2,0.2,friedman,0.0000,0.0000
0,dependent,10,6,6,2,0.2,anova,0.0000,0.0000
0,dependent,10,6,6,2,0.2,kruskal-wallis,0.0000,0.0000
0,dependent,10,6,6,2,0.2,rm-anova,0.0000,0.0000
0,dependent,10,6,6,2,0.5,friedman,0.0000,0.0000
0,dependent,10,6,6,2,0.5,anova,0.0000,0.0000
0,dependent,10,6,6,2,0.5,kruskal-wallis,0.0000,0.0000
0,dependent,10,6,6,2,0.5,rm-anova,0.0000,0.0000
0,dependent,10,6,6,2,0.8,friedman,0.0000,0.0000
0,dependent,10,6,6,2,0.8,anova,0.0000,0.0000
0,dependent,10,6,6,2,0.8,kruskal-wallis,0.0000,0.0000
0,dependent,10,6,6,2,0.8,rm-anova,0.0000,0.0000
0,control,30,6,6,2,0.0,friedman,0.0000,0.0000
0,control,30,6,6,2,0.0,anova,0.0000,0.0000
0,control,30,6,6,2,0.0,kruskal-wallis,0.0000,0.0000
0,control,30,6,6,2,0.0,rm-anova,0.0000,0.0000
0,control,30,6,6,2,0.2,friedman,0.0000,0.0000
0,control,30,6,6,2,0.2,anova,0.0000,0.0000
0,control,30,6,6,2,0.2,kruskal-wallis,0.0000,0.0000
0,control,30,6,6,2,0.2,rm-anova,0.0000,0.0000
0,control,30,6,6,2,0.5,friedman,0.0000,0.0000
0,control,30,6,6,2,0.5,anova,0.0000,0.0000
0,control,30,6,6,2,0.5,kruskal-wallis,0.0000,0.0000
0,control,30,6,6,2,0.5,rm-anova,0.0000,0.0000
0,control,30,6,6,2,0.8,friedman,0.0000,0.0000
0,control,30,6,6,2,0.8,anova,0.0000,0.0000
0,control,30,6,6,2,0.8,kruskal-wallis,0.0000,0.0000
0,control,30,6,6,2,0.8,rm-anova,0.0000,0.0000
0,uniform,30,6,6,2,0.0,friedman,0.0000,1.0000
0,uniform,30,6,6,2,0.0,anova,0.0000,1.0000
0,uniform,30,6,6,2,0.0,kruskal-wallis,0.0000,1.0000
0,uniform,30,6,6,2,0.0,rm-anova,0.0000,1.0000
0,uniform,30,6,6,2,0.2,friedman,0.0000,0.9000
0,uniform,30,6,6,2,0.2,anova,0.0000,0.8000
0,uniform,30,6,6,2,0.2,kruskal-wallis,0.0000,0.8000
0,uniform,30,6,6,2,0.2,rm-anova,0.0000,0.8000
0,uniform,30,6,6,2,0.5,friedman,0.0000,1.0000
0,uniform,30,6,6,2,0.5,anova,0.0000,1.0000
0,uniform,30,6,6,2,0.5,kruskal-wallis,0.0000,1.0000
0,uniform,30,6,6,2,0.5,rm-anova,0.0000,1.0000
0,uniform,30,6,6,2,0.8,friedman,0.0000,1.0000
0,uniform,30,6,6,2,0.8,anova,0.0000,0.8000
0,uniform,30,6,6,2,0.8,kruskal-wallis,0.0000,0.8000
0,uniform,30,6,6,2,0.8,rm-anova,0.0000,0.7000
0,asymmetric,30,6,6,2,0.0,friedman,0.0000,0.0000
0,asymmetric,30,6,6,2,0.0,anova,0.0000,0.0000
0,asymmetric,30,6,6,2,0.0,kruskal-wallis,0.0000,0.0000
0,asymmetric,30,6,6,2,0.0,rm-anova,0.0000,0.0000
0,asymmetric,30,6,6,2,0.2,friedman,0.0000,0.0000
0,asymmetric,30,6,6,2,0.2,anova,0.0000,0.0000
0,asymmetric,30,6,6,2,0.2,kruskal-wallis,0.0000,0.0000
0,asymmetric,30,6,6,2,0.2,rm-anova,0.0000,0.0000
0,asymmetric,30,6,6,2,0.5,friedman,0.0000,0.0000
0,asymmetric,30,6,6,2,0.5,anova,0.0000,0.0000
0,asymmetric,30,6,6,2,0.5,kruskal-wallis,0.0000,0.0000
0,asymmetric,30,6,6,2,0.5,rm-anova,0.0000,0.0000
0,asymmetric,30,6,6,2,0.8,friedman,0.0000,0.0000
0,asymmetric,30,6,6,2,0.8,anova,0.0000,0.0000
0,asymmetric,30,6,6,2,0.8,kruskal-wallis,0.0000,0.0000
0,asymmetric,30,6,6,2,0.8,rm-anova,0.0000,0.0000
0,bimodal,30,6,6,2,0.0,friedman,0.0000,1.0000
0,bimodal,30,6,6,2,0.0,anova,0.0000,1.0000
0,bimodal,30,6,6,2,0.0,kruskal-wallis,0.0000,1.0000
0,bimodal,30,6,6,2,0.0,rm-anova,0.0000,1.0000
0,bimodal,30,6,6,2,0.2,friedman,0.0000,1.0000
0,bimodal,30,6,6,2,0.2,anova,0.0000,1.0000
0,bimodal,30,6,6,2,0.2,kruskal-wallis,0.0000,1.0000
0,bimodal,30,6,6,2,0.2,rm-anova,0.0000,1.0000
0,bimodal,30,6,6,2,0.5,friedman,0.0000,1.0000
0,bimodal,30,6,6,2,0.5,anova,0.0000,1.0000
0,bimodal,30,6,6,2,0.5,kruskal-wallis,0.0000,1.0000
0,bimodal,30,6,6,2,0.5,rm-anova,0.0000,1.0000
0,bimodal,30,6,6,2,0.8,friedman,0.0000,0.9000
0,bimodal,30,6,6,2,0.8,anova,0.0000,0.9000
0,bimodal,30,6,6,2,0.8,kruskal-wallis,0.0000,0.9000
0,bimodal,30,6,6,2,0.8,rm-anova,0.0000,0.9000
0,dependent,30,6,6,2,0.0,friedman,0.0000,0.0000
0,dependent,30,6,6,2,0.0,anova,0.0000,0.0000
0,dependent,30,6,6,2,0.0,kruskal-wallis,0.0000,0.0000
0,dependent,30,6,6,2,0.0,rm-anova,0.0000,0.0000
0,dependent,30,6,6,2,0.2,friedman,0.0000,0.0000
0,dependent,30,6,6,2,0.2,anova,0.0000,0.0000
0,dependent,30,6,6,2,0.2,kruskal-wallis,0.0000,0.0000
0,dependent,30,6,6,2,0.2,rm-anova,0.0000,0.0000
0,dependent,30,6,6,2,0.5,friedman,0.0000,0.0000
0,dependent,30,6,6,2,0.5,anova,0.0000,0.0000
0,dependent,30,6,6,2,0.5,kruskal-wallis,0.0000,0.0000
0,dependent,30,6,6,2,0.5,rm-anova,0.0000,0.0000
0,dependent,30,6,6,2,0.8,friedman,0.0000,0.0000
0,dependent,30,6,6,2,0.8,anova,0.0000,0.0000
0,dependent,30,6,6,2,0.8,kruskal-wallis,0.0000,0.0000
0,dependent,30,6,6,2,0.8,rm-anova,0.0000,0.0000
0,control,100,6,6,2,0.0,friedman,0.0000,0.0000
0,control,100,6,6,2,0.0,anova,0.0000,0.0000
0,control,100,6,6,2,0.0,kruskal-wallis,0.0000,0.0000
0,control,100,6,6,2,0.0,rm-anova,0.0000,0.0000
0,control,100,6,6,2,0.2,friedman,0.0000,0.0000
0,control,100,6,6,2,0.2,anova,0.0000,0.0000
0,control,100,6,6,2,0.2,kruskal-wallis,0.0000,0.0000
0,control,100,6,6,2,0.2,rm-anova,0.0000,0.0000
0,control,100,6,6,2,0.5,friedman,0.0000,0.0000
0,control,100,6,6,2,0.5,anova,0.0000,0.0000
0,control,100,6,6,2,0.5,kruskal-wallis,0.0000,0.0000
0,control,100,6,6,2,0.5,rm-anova,0.0000,0.0000
0,control,100,6,6,2,0.8,friedman,0.0000,0.0000
0,control,100,6,6,2,0.8,anova,0.0000,0.0000
0,control,100,6,6,2,0.8,kruskal-wallis,0.0000,0.0000
0,control,100,6,6,2,0.8,rm-anova,0.0000,0.0000
0,uniform,100,6,6,2,0.0,friedman,0.0000,0.8000
0,uniform,100,6,6,2,0.0,anova,0.0000,1.0000
0,uniform,100,6,6,2,0.0,kruskal-wallis,0.0000,1.0000
0,uniform,100,6,6,2,0.0,rm-anova,0.0000,1.0000
0,uniform,100,6,6,2,0.2,friedman,0.0000,0.9000
0,uniform,100,6,6,2,0.2,anova,0.0000,1.0000
0,uniform,100,6,6,2,0.2,kruskal-wallis,0.0000,1.0000
0,uniform,100,6,6,2,0.2,rm-anova,0.0000,1.0000
0,uniform,100,6,6,2,0.5,friedman,0.0000,1.0000
0,uniform,100,6,6,2,0.5,anova,0.0000,1.0000
0,uniform,100,6,6,2,0.5,kruskal-wallis,0.0000,1.0000
0,uniform,100,6,6,2,0.5,rm-anova,0.0000,1.0000
0,uniform,100,6,6,2,0.8,friedman,0.0000,1.0000
0,uniform,100,6,6,2,0.8,anova,0.0000,1.0000
0,uniform,100,6,6,2,0.8,kruskal-wallis,0.0000,1.0000
0,uniform,100,6,6,2,0.8,rm-anova,0.0000,1.0000
0,asymmetric,100,6,6,2,0.0,friedman,0.0000,0.0000
0,asymmetric,100,6,6,2,0.0,anova,0.0000,0.0000
0,asymmetric,100,6,6,2,0.0,kruskal-wallis,0.0000,0.0000
0,asymmetric,100,6,6,2,0.0,rm-anova,0.0000,0.0000
0,asymmetric,100,6,6,2,0.2,friedman,0.0000,0.0000
0,asymmetric,100,6,6,2,0.2,anova,0.0000,0.0000
0,asymmetric,100,6,6,2,0.2,kruskal-wallis,0.0000,0.0000
0,asymmetric,100,6,6,2,0.2,rm-anova,0.0000,0.0000
0,asymmetric,100,6,6,2,0.5,friedman,0.0000,0.0000
0,asymmetric,100,6,6,2,0.5,anova,0.0000,0.0000
0,asymmetric,100,6,6,2,0.5,kruskal-wallis,0.0000,0.0000
0,asymmetric,100,6,6,2,0.5,rm-anova,0.0000,0.0000
0,asymmetric,100,6,6,2,0.8,friedman,0.0000,0.0000
0,asymmetric,100,6,6,2,0.8,anova,0.0000,0.0000
0,asymmetric,100,6,6,2,0.8,kruskal-wallis,0.0000,0.0000
0,asymmetric,100,6,6,2,0.8,rm-anova,0.0000,0.0000
0,bimodal,100,6,6,2,0.0,friedman,0.0000,1.0000
0,bimodal,100,6,6,2,0.0,anova,0.0000,1.0000
0,bimodal,100,6,6,2,0.0,kruskal-wallis,0.0000,1.0000
0,bimodal,100,6,6,2,0.0,rm-anova,0.0000,1.0000
0,bimodal,100,6,6,2,0.2,friedman,0.0000,1.0000
0,bimodal,100,6,6,2,0.2,anova,0.0000,1.0000
0,bimodal,100,6,6,2,0.2,kruskal-wallis,0.0000,1.0000
0,bimodal,100,6,6,2,0.2,rm-anova,0.0000,1.0000
0,bimodal,100,6,6,2,0.5,friedman,0.0000,1.0000
0,bimodal,100,6,6,2,0.5,anova,0.0000,1.0000
0,bimodal,100,6,6,2,0.5,kruskal-wallis,0.0000,1.0000
0,bimodal,100,6,6,2,0.5,rm-anova,0.0000,1.0000
0,bimodal,100,6,6,2,0.8,friedman,0.0000,0.9000
0,bimodal,100,6,6,2,0.8,anova,0.0000,0.9000
0,bimodal,100,6,6,2,0.8,kruskal-wallis,0.0000,0.9000
0,bimodal,100,6,6,2,0.8,rm-anova,0.0000,0.9000
0,dependent,100,6,6,2,0.0,friedman,0.0000,0.0000
0,dependent,100,6,6,2,0.0,anova,0.0000,0.0000
0,dependent,100,6,6,2,0.0,kruskal-wallis,0.0000,0.0000
0,dependent,100,6,6,2,0.0,rm-anova,0.0000,0.0000
0,dependent,100,6,6,2,0.2,friedman,0.0000,0.0000
0,dependent,100,6,6,2,0.2,anova,0.0000,0.0000
0,dependent,100,6,6,2,0.2,kruskal-wallis,0.0000,0.0000
0,dependent,100,6,6,2,0.2,rm-anova,0.0000,0.0000
0,dependent,100,6,6,2,0.5,friedman,0.0000,0.0000
0,dependent,100,6,6,2,0.5,anova,0.0000,0.0000
0,dependent,100,6,6,2,0.5,kruskal-wallis,0.0000,0.0000
0,dependent,100,6,6,2,0.5,rm-anova,0.0000,0.0000
0,dependent,100,6,6,2,0.8,friedman,0.0000,0.0000
0,dependent,100,6,6,2,0.8,anova,0.0000,0.0000
0,dependent,100,6,6,2,0.8,kruskal-wallis,0.0000,0.0000
0,dependent,100,6,6,2,0.8,rm-anova,0.0000,0.0000
0,control,10,7,7,2,0.0,friedman,0.0000,0.0000
0,control,10,7,7,2,0.0,anova,0.0000,0.0000
0,control,10,7,7,2,0.0,kruskal-wallis,0.0000,0.0000
0,control,10,7,7,2,0.0,rm-anova,0.0000,0.0000
0,control,10,7,7,2,0.2,friedman,0.0000,0.0000
0,control,10,7,7,2,0.2,anova,0.0000,0.0000
0,control,10,7,7,2,0.2,kruskal-wallis,0.0000,0.0000
0,control,10,7,7,2,0.2,rm-anova,0.0000,0.0000
0,control,10,7,7,2,0.5,friedman,0.0000,0.0000
0,control,10,7,7,2,0.5,anova,0.0000,0.0000
0,control,10,7,7,2,0.5,kruskal-wallis,0.0000,0.0000
0,control,10,7,7,2,0.5,rm-anova,0.0000,0.0000
0,control,10,7,7,2,0.8,friedman,0.0000,0.0000
0,control,10,7,7,2,0.8,anova,0.0000,0.0000
0,control,10,7,7,2,0.8,kruskal-wallis,0.0000,0.0000
0,control,10,7,7,2,0.8,rm-anova,0.0000,0.0000
0,uniform,10,7,7,2,0.0,friedman,0.0000,1.0000
0,uniform,10,7,7,2,0.0,anova,0.0000,1.0000
0,uniform,10,7,7,2,0.0,kruskal-wallis,0.0000,1.0000
0,uniform,10,7,7,2,0.0,rm-anova,0.0000,1.0000
0,uniform,10,7,7,2,0.2,friedman,0.0000,1.0000
0,uniform,10,7,7,2,0.2,anova,0.0000,1.0000
0,uniform,10,7,7,2,0.2,kruskal-wallis,0.0000,1.0000
0,uniform,10,7,7,2,0.2,rm-anova,0.0000,1.0000
0,uniform,10,7,7,2,0.5,friedman,0.0000,0.9000
0,uniform,10,7,7,2,0.5,anova,0.0000,0.9000
0,uniform,10,7,7,2,0.5,kruskal-wallis,0.0000,0.9000
0,uniform,10,7,7,2,0.5,rm-anova,0.0000,0.9000
0,uniform,10,7,7,2,0.8,friedman,0.0000,1.0000
0,uniform,10,7,7,2,0.8,anova,0.0000,1.0000
0,uniform,10,7,7,2,0.8,kruskal-wallis,0.0000,1.0000
0,uniform,10,7,7,2,0.8,rm-anova,0.0000,1.0000
0,asymmetric,10,7,7,2,0.0,friedman,0.0000,0.0000
0,asymmetric,10,7,7,2,0.0,anova,0.0000,0.0000
0,asymmetric,10,7,7,2,0.0,kruskal-wallis,0.0000,0.0000
0,asymmetric,10,7,7,2,0.0,rm-anova,0.0000,0.0000
0,asymmetric,10,7,7,2,0.2,friedman,0.0000,0.0000
0,asymmetric,10,7,7,2,0.2,anova,0.0000,0.0000
0,asymmetric,10,7,7,2,0.2,kruskal-wallis,0.0000,0.0000
0,asymmetric,10,7,7,2,0.2,rm-anova,0.0000,0.0000
0,asymmetric,10,7,7,2,0.5,friedman,0.0000,0.0000
0,asymmetric,10,7,7,2,0.5,anova,0.0000,0.0000
0,asymmetric,10,7,7,2,0.5,kruskal-wallis,0.0000,0.0000
0,asymmetric,10,7,7,2,0.5,rm-anova,0.0000,0.0000
0,asymmetric,10,7,7,2,0.8,friedman,0.0000,0.0000
0,asymmetric,10,7,7,2,0.8,anova,0.0000,0.0000
0,asymmetric,10,7,7,2,0.8,kruskal-wallis,0.0000,0.0000
0,asymmetric,10,7,7,2,0.8,rm-anova,0.0000,0.0000
0,bimodal,10,7,7,2,0.0,friedman,0.0000,0.9000
0,bimodal,10,7,7,2,0.0,anova,0.0000,1.0000
0,bimodal,10,7,7,2,0.0,kruskal-wallis,0.0000,1.0000
0,bimodal,10,7,7,2,0.0,rm-anova,0.0000,1.0000
0,bimodal,10,7,7,2,0.2,friedman,0.0000,1.0000
0,bimodal,10,7,7,2,0.2,anova,0.0000,0.9000
0,bimodal,10,7,7,2,0.2,kruskal-wallis,0.0000,0.9000
0,bimodal,10,7,7,2,0.2,rm-anova,0.0000,0.9000
0,bimodal,10,7,7,2,0.5,friedman,0.0000,1.0000
0,bimodal,10,7,7,2,0.5,anova,0.0000,1.0000
0,bimodal,10,7,7,2,0.5,kruskal-wallis,0.0000,1.0000
0,bimodal,10,7,7,2,0.5,rm-anova,0.0000,1.0000
0,bimodal,10,7,7,2,0.8,friedman,0.0000,1.0000
0,bimodal,10,7,7,2,0.8,anova,0.0000,1.0000
0,bimodal,10,7,7,2,0.8,kruskal-wallis,0.0000,1.0000
0,bimodal,10,7,7,2,0.8,rm-anova,0.0000,1.0000
0,dependent,10,7,7,2,0.0,friedman,0.0000,0.0000
0,dependent,10,7,7,2,0.0,anova,0.0000,0.0000
0,dependent,10,7,7,2,0.0,kruskal-wallis,0.0000,0.0000
0,dependent,10,7,7,2,0.0,rm-anova,0.0000,0.0000
0,dependent,10,7,7,2,0.2,friedman,0.0000,0.0000
0,dependent,10,7,7,2,0.2,anova,0.0000,0.0000
0,dependent,10,7,7,2,0.2,kruskal-wallis,0.0000,0.0000
0,dependent,10,7,7,2,0.2,rm-anova,0.0000,0.0000
0,dependent,10,7,7,2,0.5,friedman,0.0000,0.0000
0,dependent,10,7,7,2,0.5,anova,0.0000,0.0000
0,dependent,10,7,7,2,0.5,kruskal-wallis,0.0000,0.0000
0,dependent,10,7,7,2,0.5,rm-anova,0.0000,0.0000
0,dependent,10,7,7,2,0.8,friedman,0.0000,0.0000
0,dependent,10,7,7,2,0.8,anova,0.0000,0.0000
0,dependent,10,7,7,2,0.8,kruskal-wallis,0.0000,0.0000
0,dependent,10,7,7,2,0.8,rm-anova,0.0000,0.0000
0,control,30,7,7,2,0.0,friedman,0.0000,0.0000
0,control,30,7,7,2,0.0,anova,0.0000,0.0000
0,control,30,7,7,2,0.0,kruskal-wallis,0.0000,0.0000
0,control,30,7,7,2,0.0,rm-anova,0.0000,0.0000
0,control,30,7,7,2,0.2,friedman,0.0000,0.0000
0,control,30,7,7,2,0.2,anova,0.0000,0.0000
0,control,30,7,7,2,0.2,kruskal-wallis,0.0000,0.0000
0,control,30,7,7,2,0.2,rm-anova,0.0000,0.0000
0,control,30,7,7,2,0.5,friedman,0.0000,0.0000
0,control,30,7,7,2,0.5,anova,0.0000,0.0000
0,control,30,7,7,2,0.5,kruskal-wallis,0.0000,0.0000
0,control,30,7,7,2,0.5,rm-anova,0.0000,0.0000
0,control,30,7,7,2,0.8,friedman,0.0000,0.0000
0,control,30,7,7,2,0.8,anova,0.0000,0.0000
0,control,30,7,7,2,0.8,kruskal-wallis,0.0000,0.0000
0,control,30,7,7,2,0.8,rm-anova,0.0000,0.0000
0,uniform,30,7,7,2,0.0,friedman,0.0000,1.0000
0,uniform,30,7,7,2,0.0,anova,0.0000,1.0000
0,uniform,30,7,7,2,0.0,kruskal-wallis,0.0000,1.0000
0,uniform,30,7,7,2,0.0,rm-anova,0.0000,1.0000
0,uniform,30,7,7,2,0.2,friedman,0.0000,0.9000
0,uniform,30,7,7,2,0.2,anova,0.0000,1.0000
0,uniform,30,7,7,2,0.2,kruskal-wallis,0.0000,1.0000
0,uniform,30,7,7,2,0.2,rm-anova,0.0000,1.0000
0,uniform,30,7,7,2,0.5,friedman,0.0000,0.9000
0,uniform,30,7,7,2,0.5,anova,0.0000,0.7000
0,uniform,30,7,7,2,0.5,kruskal-wallis,0.0000,0.7000
0,uniform,30,7,7,2,0.5,rm-anova,0.0000,0.8000
0,uniform,30,7,7,2,0.8,friedman,0.0000,1.0000
0,uniform,30,7,7,2,0.8,anova,0.0000,1.0000
0,uniform,30,7,7,2,0.8,kruskal-wallis,0.0000,1.0000
0,uniform,30,7,7,2,0.8,rm-anova,0.0000,1.0000
0,asymmetric,30,7,7,2,0.0,friedman,0.0000,0.0000
0,asymmetric,30,7,7,2,0.0,anova,0.0000,0.0000
0,asymmetric,30,7,7,2,0.0,kruskal-wallis,0.0000,0.0000
0,asymmetric,30,7,7,2,0.0,rm-anova,0.0000,0.0000
0,asymmetric,30,7,7,2,0.2,friedman,0.0000,0.0000
0,asymmetric,30,7,7,2,0.2,anova,0.0000,0.0000
0,asymmetric,30,7,7,2,0.2,kruskal-wallis,0.0000,0.0000
0,asymmetric,30,7,7,2,0.2,rm-anova,0.0000,0.0000
0,asymmetric,30,7,7,2,0.5,friedman,0.0000,0.0000
0,asymmetric,30,7,7,2,0.5,anova,0.0000,0.0000
0,asymmetric,30,7,7,2,0.5,kruskal-wallis,0.0000,0.0000
0,asymmetric,30,7,7,2,0.5,rm-anova,0.0000,0.0000
0,asymmetric,30,7,7,2,0.8,friedman,0.0000,0.0000
0,asymmetric,30,7,7,2,0.8,anova,0.0000,0.0000
0,asymmetric,30,7,7,2,0.8,kruskal-wallis,0.0000,0.0000
0,asymmetric,30,7,7,2,0.8,rm-anova,0.0000,0.0000
0,bimodal,30,7,7,2,0.0,friedman,0.0000,1.0000
0,bimodal,30,7,7,2,0.0,anova,0.0000,0.9000
0,bimodal,30,7,7,2,0.0,kruskal-wallis,0.0000,1.0000
0,bimodal,30,7,7,2,0.0,rm-anova,0.0000,1.0000
0,bimodal,30,7,7,2,0.2,friedman,0.0000,1.0000
0,bimodal,30,7,7,2,0.2,anova,0.0000,1.0000
0,bimodal,30,7,7,2,0.2,kruskal-wallis,0.0000,1.0000
0,bimodal,30,7,7,2,0.2,rm-anova,0.0000,1.0000
0,bimodal,30,7,7,2,0.5,friedman,0.0000,0.9000
0,bimodal,30,7,7,2,0.5,anova,0.0000,1.0000
0,bimodal,30,7,7,2,0.5,kruskal-wallis,0.0000,1.0000
0,bimodal,30,7,7,2,0.5,rm-anova,0.0000,1.0000
0,bimodal,30,7,7,2,0.8,friedman,0.0000,1.0000
0,bimodal,30,7,7,2,0.8,anova,0.0000,1.0000
0,bimodal,30,7,7,2,0.8,kruskal-wallis,0.0000,1.0000
0,bimodal,30,7,7,2,0.8,rm-anova,0.0000,1.0000
0,dependent,30,7,7,2,0.0,friedman,0.0000,0.0000
0,dependent,30,7,7,2,0.0,anova,0.0000,0.0000
0,dependent,30,7,7,2,0.0,kruskal-wallis,0.0000,0.0000
0,dependent,30,7,7,2,0.0,rm-anova,0.0000,0.0000
0,dependent,30,7,7,2,0.2,friedman,0.0000,0.0000
0,dependent,30,7,7,2,0.2,anova,0.0000,0.0000
0,dependent,30,7,7,2,0.2,kruskal-wallis,0.0000,0.0000
0,dependent,30,7,7,2,0.2,rm-anova,0.0000,0.0000
0,dependent,30,7,7,2,0.5,friedman,0.0000,0.0000
0,dependent,30,7,7,2,0.5,anova,0.0000,0.0000
0,dependent,30,7,7,2,0.5,kruskal-wallis,0.0000,0.0000
0,dependent,30,7,7,2,0.5,rm-anova,0.0000,0.0000
0,dependent,30,7,7,2,0.8,friedman,0.0000,0.0000
0,dependent,30,7,7,2,0.8,anova,0.0000,0.0000
0,dependent,30,7,7,2,0.8,kruskal-wallis,0.0000,0.0000
0,dependent,30,7,7,2,0.8,rm-anova,0.0000,0.0000
0,control,100,7,7,2,0.0,friedman,0.0000,0.0000
0,control,100,7,7,2,0.0,anova,0.0000,0.0000
0,control,100,7,7,2,0.0,kruskal-wallis,0.0000,0.0000
0,control,100,7,7,2,0.0,rm-anova,0.0000,0.0000
0,control,100,7,7,2,0.2,friedman,0.0000,0.0000
0,control,100,7,7,2,0.2,anova,0.0000,0.0000
0,control,100,7,7,2,0.2,kruskal-wallis,0.0000,0.0000
0,control,100,7,7,2,0.2,rm-anova,0.0000,0.0000
0,control,100,7,7,2,0.5,friedman,0.0000,0.0000
0,control,100,7,7,2,0.5,anova,0.0000,0.0000
0,control,100,7,7,2,0.5,kruskal-wallis,0.0000,0.0000
0,control,100,7,7,2,0.5,rm-anova,0.0000,0.0000
0,control,100,7,7,2,0.8,friedman,0.0000,0.0000
0,control,100,7,7,2,0.8,anova,0.0000,0.0000
0,control,100,7,7,2,0.8,kruskal-wallis,0.0000,0.0000
0,control,100,7,7,2,0.8,rm-anova,0.0000,0.0000
0,uniform,100,7,7,2,0.0,friedman,0.0000,1.0000
0,uniform,100,7,7,2,0.0,anova,0.0000,1.0000
0,uniform,100,7,7,2,0.0,kruskal-wallis,0.0000,1.0000
0,uniform,100,7,7,2,0.0,rm-anova,0.0000,1.0000
0,uniform,100,7,7,2,0.2,friedman,0.0000,1.0000
0,uniform,100,7,7,2,0.2,anova,0.0000,1.0000
0,uniform,100,7,7,2,0.2,kruskal-wallis,0.0000,1.0000
0,uniform,100,7,7,2,0.2,rm-anova,0.0000,1.0000
0,uniform,100,7,7,2,0.5,friedman,0.0000,1.0000
0,uniform,100,7,7,2,0.5,anova,0.0000,1.0000
0,uniform,100,7,7,2,0.5,kruskal-wallis,0.0000,1.0000
0,uniform,100,7,7,2,0.5,rm-anova,0.0000,1.0000
0,uniform,100,7,7,2,0.8,friedman,0.0000,1.0000
0,uniform,100,7,7,2,0.8,anova,0.0000,1.0000
0,uniform,100,7,7,2,0.8,kruskal-wallis,0.0000,1.0000
0,uniform,100,7,7,2,0.8,rm-anova,0.0000,1.0000
0,asymmetric,100,7,7,2,0.0,friedman,0.0000,0.0000
0,asymmetric,100,7,7,2,0.0,anova,0.0000,0.0000
0,asymmetric,100,7,7,2,0.0,kruskal-wallis,0.0000,0.0000
0,asymmetric,100,7,7,2,0.0,rm-anova,0.0000,0.0000
0,asymmetric,100,7,7,2,0.2,friedman,0.0000,0.0000
0,asymmetric,100,7,7,2,0.2,anova,0.0000,0.0000
0,asymmetric,100,7,7,2,0.2,kruskal-wallis,0.0000,0.0000
0,asymmetric,100,7,7,2,0.2,rm-anova,0.0000,0.0000
0,asymmetric,100,7,7,2,0.5,friedman,0.0000,0.0000
0,asymmetric,100,7,7,2,0.5,anova,0.0000,0.0000
0,asymmetric,100,7,7,2,0.5,kruskal-wallis,0.0000,0.0000
0,asymmetric,100,7,7,2,0.5,rm-anova,0.0000,0.0000
0,asymmetric,100,7,7,2,0.8,friedman,0.0000,0.0000
0,asymmetric,100,7,7,2,0.8,anova,0.0000,0.0000
0,asymmetric,100,7,7,2,0.8,kruskal-wallis,0.0000,0.0000
0,asymmetric,100,7,7,2,0.8,rm-anova,0.0000,0.0000
0,bimodal,100,7,7,2,0.0,friedman,0.0000,0.9000
0,bimodal,100,7,7,2,0.0,anova,0.0000,1.0000
0,bimodal,100,7,7,2,0.0,kruskal-wallis,0.0000,1.0000
0,bimodal,100,7,7,2,0.0,rm-anova,0.0000,1.0000
0,bimodal,100,7,7,2,0.2,friedman,0.0000,1.0000
0,bimodal,100,7,7,2,0.2,anova,0.0000,1.0000
0,bimodal,100,7,7,2,0.2,kruskal-wallis,0.0000,1.0000
0,bimodal,100,7,7,2,0.2,rm-anova,0.0000,1.0000
0,bimodal,100,7,7,2,0.5,friedman,0.0000,1.0000
0,bimodal,100,7,7,2,0.5,anova,0.0000,0.9000
0,bimodal,100,7,7,2,0.5,kruskal-wallis,0.0000,0.9000
0,bimodal,100,7,7,2,0.5,rm-anova,0.0000,0.9000
0,bimodal,100,7,7,2,0.8,friedman,0.0000,0.9000
0,bimodal,100,7,7,2,0.8,anova,0.0000,0.9000
0,bimodal,100,7,7,2,0.8,kruskal-wallis,0.0000,0.9000
0,bimodal,100,7,7,2,0.8,rm-anova,0.0000,0.9000
0,dependent,100,7,7,2,0.0,friedman,0.0000,0.0000
0,dependent,100,7,7,2,0.0,anova,0.0000,0.0000
0,dependent,100,7,7,2,0.0,kruskal-wallis,0.0000,0.0000
0,dependent,100,7,7,2,0.0,rm-anova,0.0000,0.0000
0,dependent,100,7,7,2,0.2,friedman,0.0000,0.0000
0,dependent,100,7,7,2,0.2,anova,0.0000,0.0000
0,dependent,100,7,7,2,0.2,kruskal-wallis,0.0000,0.0000
0,dependent,100,7,7,2,0.2,rm-anova,0.0000,0.0000
0,dependent,100,7,7,2,0.5,friedman,0.0000,0.0000
0,dependent,100,7,7,2,0.5,anova,0.0000,0.0000
0,dependent,100,7,7,2,0.5,kruskal-wallis,0.0000,0.0000
0,dependent,100,7,7,2,0.5,rm-anova,0.0000,0.0000
0,dependent,100,7,7,2,0.8,friedman,0.0000,0.0000
0,dependent,100,7,7,2,0.8,anova,0.0000,0.0000
0,dependent,100,7,7,2,0.8,kruskal-wallis,0.0000,0.0000
0,dependent,100,7,7,2,0.8,rm-anova,0.0000,0.0000
0,control,10,3,7,5,0.0,friedman,0.0000,0.0000
0,control,10,3,7,5,0.0,anova,0.0000,0.0000
0,control,10,3,7,5,0.0,kruskal-wallis,0.0000,0.0000
0,control,10,3,7,5,0.0,rm-anova,0.0000,0.0000
0,control,10,3,7,5,0.2,friedman,0.0000,0.0000
0,control,10,3,7,5,0.2,anova,0.0000,0.0000
0,control,10,3,7,5,0.2,kruskal-wallis,0.0000,0.0000
0,control,10,3,7,5,0.2,rm-anova,0.0000,0.0000
0,control,10,3,7,5,0.5,friedman,0.0000,0.0000
0,control,10,3,7,5,0.5,anova,0.0000,0.0000
0,control,10,3,7,5,0.5,kruskal-wallis,0.0000,0.0000
0,control,10,3,7,5,0.5,rm-anova,0.0000,0.0000
0,control,10,3,7,5,0.8,friedman,0.0000,0.0000
0,control,10,3,7,5,0.8,anova,0.0000,0.0000
0,control,10,3,7,5,0.8,kruskal-wallis,0.0000,0.0000
0,control,10,3,7,5,0.8,rm-anova,0.0000,0.0000
0,uniform,10,3,7,5,0.0,friedman,0.0000,1.0000
0,uniform,10,3,7,5,0.0,anova,0.0000,1.0000
0,uniform,10,3,7,5,0.0,kruskal-wallis,0.0000,1.0000
0,uniform,10,3,7,5,0.0,rm-anova,0.0000,1.0000
0,uniform,10,3,7,5,0.2,friedman,0.0000,0.7000
0,uniform,10,3,7,5,0.2,anova,0.0000,0.8000
0,uniform,10,3,7,5,0.2,kruskal-wallis,0.0000,0.7000
0,uniform,10,3,7,5,0.2,rm-anova,0.0000,0.8000
0,uniform,10,3,7,5,0.5,friedman,0.0000,1.0000
0,uniform,10,3,7,5,0.5,anova,0.0000,1.0000
0,uniform,10,3,7,5,0.5,kruskal-wallis,0.0000,1.0000
0,uniform,10,3,7,5,0.5,rm-anova,0.0000,1.0000
0,uniform,10,3,7,5,0.8,friedman,0.0000,0.9000
0,uniform,10,3,7,5,0.8,anova,0.0000,0.9000
0,uniform,10,3,7,5,0.8,kruskal-wallis,0.0000,1.0000
0,uniform,10,3,7,5,0.8,rm-anova,0.0000,1.0000
0,asymmetric,10,3,7,5,0.0,friedman,0.0000,0.0000
0,asymmetric,10,3,7,5,0.0,anova,0.0000,0.0000
0,asymmetric,10,3,7,5,0.0,kruskal-wallis,0.0000,0.0000
0,asymmetric,10,3,7,5,0.0,rm-anova,0.0000,0.0000
0,asymmetric,10,3,7,5,0.2,friedman,0.0000,0.0000
0,asymmetric,10,3,7,5,0.2,anova,0.0000,0.0000
0,asymmetric,10,3,7,5,0.2,kruskal-wallis,0.0000,0.0000
0,asymmetric,10,3,7,5,0.2,rm-anova,0.0000,0.0000
0,asymmetric,10,3,7,5,0.5,friedman,0.0000,0.0000
0,asymmetric,10,3,7,5,0.5,anova,0.0000,0.0000
0,asymmetric,10,3,7,5,0.5,kruskal-wallis,0.0000,0.0000
0,asymmetric,10,3,7,5,0.5,rm-anova,0.0000,0.0000
0,asymmetric,10,3,7,5,0.8,friedman,0.0000,0.0000
0,asymmetric,10,3,7,5,0.8,anova,0.0000,0.0000
0,asymmetric,10,3,7,5,0.8,kruskal-wallis,0.0000,0.0000
0,asymmetric,10,3,7,5,0.8,rm-anova,0.0000,0.0000
0,bimodal,10,3,7,5,0.0,friedman,0.0000,1.0000
0,bimodal,10,3,7,5,0.0,anova,0.0000,1.0000
0,bimodal,10,3,7,5,0.0,kruskal-wallis,0.0000,1.0000
0,bimodal,10,3,7,5,0.0,rm-anova,0.0000,1.0000
0,bimodal,10,3,7,5,0.2,friedman,0.0000,0.9000
0,bimodal,10,3,7,5,0.2,anova,0.0000,1.0000
0,bimodal,10,3,7,5,0.2,kruskal-wallis,0.0000,1.0000
0,bimodal,10,3,7,5,0.2,rm-anova,0.0000,1.0000
0,bimodal,10,3,7,5,0.5,friedman,0.0000,1.0000
0,bimodal,10,3,7,5,0.5,anova,0.0000,0.9000
0,bimodal,10,3,7,5,0.5,kruskal-wallis,0.0000,0.9000
0,bimodal,10,3,7,5,0.5,rm-anova,0.0000,0.9000
0,bimodal,10,3,7,5,0.8,friedman,0.0000,1.0000
0,bimodal,10,3,7,5,0.8,anova,0.0000,1.0000
0,bimodal,10,3,7,5,0.8,kruskal-wallis,0.0000,1.0000
0,bimodal,10,3,7,5,0.8,rm-anova,0.0000,1.0000
0,dependent,10,3,7,5,0.0,friedman,0.0000,0.0000
0,dependent,10,3,7,5,0.0,anova,0.0000,0.0000
0,dependent,10,3,7,5,0.0,kruskal-wallis,0.0000,0.0000
0,dependent,10,3,7,5,0.0,rm-anova,0.0000,0.0000
0,dependent,10,3,7,5,0.2,friedman,0.0000,0.0000
0,dependent,10,3,7,5,0.2,anova,0.0000,0.0000
0,dependent,10,3,7,5,0.2,kruskal-wallis,0.0000,0.0000
0,dependent,10,3,7,5,0.2,rm-anova,0.0000,0.0000
0,dependent,10,3,7,5,0.5,friedman,0.0000,0.0000
0,dependent,10,3,7,5,0.5,anova,0.0000,0.0000
0,dependent,10,3,7,5,0.5,kruskal-wallis,0.0000,0.0000
0,dependent,10,3,7,5,0.5,rm-anova,0.0000,0.0000
0,dependent,10,3,7,5,0.8,friedman,0.0000,0.0000
0,dependent,10,3,7,5,0.8,anova,0.0000,0.0000
0,dependent,10,3,7,5,0.8,kruskal-wallis,0.0000,0.0000
0,dependent,10,3,7,5,0.8,rm-anova,0.0000,0.0000
0,control,30,3,7,5,0.0,friedman,0.0000,0.0000
0,control,30,3,7,5,0.0,anova,0.0000,0.0000
0,control,30,3,7,5,0.0,kruskal-wallis,0.0000,0.0000
0,control,30,3,7,5,0.0,rm-anova,0.0000,0.0000
0,control,30,3,7,5,0.2,friedman,0.0000,0.0000
0,control,30,3,7,5,0.2,anova,0.0000,0.0000
0,control,30,3,7,5,0.2,kruskal-wallis,0.0000,0.0000
0,control,30,3,7,5,0.2,rm-anova,0.0000,0.0000
0,control,30,3,7,5,0.5,friedman,0.0000,0.0000
0,control,30,3,7,5,0.5,anova,0.0000,0.0000
0,control,30,3,7,5,0.5,kruskal-wallis,0.0000,0.0000
0,control,30,3,7,5,0.5,rm-anova,0.0000,0.0000
0,control,30,3,7,5,0.8,friedman,0.0000,0.0000
0,control,30,3,7,5,0.8,anova,0.0000,0.0000
0,control,30,3,7,5,0.8,kruskal-wallis,0.0000,0.0000
0,control,30,3,7,5,0.8,rm-anova,0.0000,0.0000
0,uniform,30,3,7,5,0.0,friedman,0.0000,0.9000
0,uniform,30,3,7,5,0.0,anova,0.0000,1.0000
0,uniform,30,3,7,5,0.0,kruskal-wallis,0.0000,1.0000
0,uniform,30,3,7,5,0.0,rm-anova,0.0000,1.0000
0,uniform,30,3,7,5,0.2,friedman,0.0000,1.0000
0,uniform,30,3,7,5,0.2,anova,0.0000,1.0000
0,uniform,30,3,7,5,0.2,kruskal-wallis,0.0000,1.0000
0,uniform,30,3,7,5,0.2,rm-anova,0.0000,1.0000
0,uniform,30,3,7,5,0.5,friedman,0.0000,1.0000
0,uniform,30,3,7,5,0.5,anova,0.0000,1.0000
0,uniform,30,3,7,5,0.5,kruskal-wallis,0.0000,1.0000
0,uniform,30,3,7,5,0.5,rm-anova,0.0000,1.0000
0,uniform,30,3,7,5,0.8,friedman,0.0000,1.0000
0,uniform,30,3,7,5,0.8,anova,0.0000,1.0000
0,uniform,30,3,7,5,0.8,kruskal-wallis,0.0000,1.0000
0,uniform,30,3,7,5,0.8,rm-anova,0.0000,1.0000
0,asymmetric,30,3,7,5,0.0,friedman,0.0000,0.0000
